indice_tiempo,consultas_total,consultas_dispositivos_moviles,consultas_dispositivos_no_moviles,usuarios_total,consultas_acumuladas_total
2018-01-08,139,0,139,0,403959
2018-01-09,6819,0,6819,0,410778
2018-01-10,6326,0,6326,0,417104
2018-01-11,7173,0,7173,0,424277
2018-01-12,4683,0,4683,0,428960
2018-01-13,10867,0,10867,0,439827
2018-01-14,7499,0,7499,0,447326
2018-01-15,5072,0,5072,0,452398
2018-01-16,10417,0,10417,0,462815
2018-01-17,8957,0,8957,0,471772
2018-01-18,4512,0,4512,0,476284
2018-01-19,0,0,0,0,476284
2018-01-20,0,0,0,0,476284
2018-01-21,0,0,0,0,476284
2018-01-22,0,0,0,0,476284
2018-01-23,0,0,0,0,476284
2018-01-24,0,0,0,0,476284
2018-01-25,0,0,0,0,476284
2018-01-26,0,0,0,0,476284
2018-01-27,0,0,0,0,476284
2018-01-28,0,0,0,0,476284
2018-01-29,0,0,0,0,476284
2018-01-30,0,0,0,0,476284
2018-01-31,0,0,0,0,476284
2018-02-01,0,0,0,0,476284
2018-02-02,0,0,0,0,476284
2018-02-03,0,0,0,0,476284
2018-02-04,0,0,0,0,476284
2018-02-05,20626,0,20626,0,496910
2018-02-06,4388,0,4388,0,501298
2018-02-07,0,0,0,0,501298
2018-02-08,17306,0,17306,0,518604
2018-02-09,8098,0,8098,0,526702
2018-02-10,12132,0,12132,0,538834
2018-02-11,4701,0,4701,0,543535
2018-02-12,3368,0,3368,0,546903
2018-02-13,4989,0,4989,0,551892
2018-02-14,4888,0,4888,0,556780
2018-02-15,48679,0,48679,0,605459
2018-02-16,5735,0,5735,0,611194
2018-02-17,6782,0,6782,0,617976
2018-02-18,7540,0,7540,0,625516
2018-02-19,5521,0,5521,0,631037
2018-02-20,12706,0,12706,0,643743
2018-02-21,12808,0,12808,0,656551
2018-02-22,14490,0,14490,0,671041
2018-02-23,5953,0,5953,0,676994
2018-02-24,7522,0,7522,0,684516
2018-02-25,12125,0,12125,0,696641
2018-02-26,10651,0,10651,0,707292
2018-02-27,823,0,823,0,708115
2018-02-28,4153,0,4153,0,712268
2018-03-01,8290,0,8290,0,720558
2018-03-02,4248,0,4248,0,724806
2018-03-03,7468,0,7468,0,732274
2018-03-04,5533,0,5533,0,737807
2018-03-05,7701,0,7701,0,745508
2018-03-06,4749,0,4749,0,750257
2018-03-07,8757,0,8757,0,759014
2018-03-08,11624,0,11624,0,770638
2018-03-09,10103,0,10103,0,780741
2018-03-10,3535,0,3535,0,784276
2018-03-11,6245,0,6245,0,790521
2018-03-12,12356,0,12356,0,802877
2018-03-13,12600,0,12600,0,815477
2018-03-14,11061,0,11061,0,826538
2018-03-15,5140,0,5140,0,831678
2018-03-16,7089,0,7089,0,838767
2018-03-17,10117,0,10117,0,848884
2018-03-18,9860,0,9860,0,858744
2018-03-19,8118,0,8118,0,866862
2018-03-20,8354,0,8354,0,875216
2018-03-21,9374,0,9374,0,884590
2018-03-22,7822,0,7822,0,892412
2018-03-23,7897,0,7897,0,900309
2018-03-24,12809,0,12809,0,913118
2018-03-25,13245,0,13245,0,926363
2018-03-26,13499,0,13499,0,939862
2018-03-27,5620,0,5620,0,945482
2018-03-28,0,0,0,0,945482
2018-03-29,0,0,0,0,945482
2018-03-30,0,0,0,0,945482
2018-03-31,0,0,0,0,945482
2018-04-01,0,0,0,0,945482
2018-04-02,0,0,0,0,945482
2018-04-03,0,0,0,0,945482
2018-04-04,0,0,0,0,945482
2018-04-05,0,0,0,0,945482
2018-04-06,0,0,0,0,945482
2018-04-07,0,0,0,0,945482
2018-04-08,0,0,0,0,945482
2018-04-09,0,0,0,0,945482
2018-04-10,0,0,0,0,945482
2018-04-11,0,0,0,0,945482
2018-04-12,0,0,0,0,945482
2018-04-13,0,0,0,0,945482
2018-04-14,0,0,0,0,945482
2018-04-15,0,0,0,0,945482
2018-04-16,0,0,0,0,945482
2018-04-17,0,0,0,0,945482
2018-04-18,0,0,0,0,945482
2018-04-19,0,0,0,0,945482
2018-04-20,0,0,0,0,945482
2018-04-21,0,0,0,0,945482
2018-04-22,0,0,0,0,945482
2018-04-23,0,0,0,0,945482
2018-04-24,0,0,0,0,945482
2018-04-25,0,0,0,0,945482
2018-04-26,2723,0,2723,0,948205
2018-04-27,550,0,550,0,948755
2018-04-28,0,0,0,0,948755
2018-04-29,0,0,0,0,948755
2018-04-30,0,0,0,0,948755
2018-05-01,0,0,0,0,948755
2018-05-02,2244,0,2244,0,950999
2018-05-03,1054,0,1054,0,952053
2018-05-04,0,0,0,0,952053
2018-05-05,0,0,0,0,952053
2018-05-06,0,0,0,0,952053
2018-05-07,0,0,0,0,952053
2018-05-08,0,0,0,0,952053
2018-05-09,0,0,0,0,952053
2018-05-10,0,0,0,0,952053
2018-05-11,0,0,0,0,952053
2018-05-12,0,0,0,0,952053
2018-05-13,0,0,0,0,952053
2018-05-14,0,0,0,0,952053
2018-05-15,0,0,0,0,952053
2018-05-16,0,0,0,0,952053
2018-05-17,0,0,0,0,952053
2018-05-18,683,0,683,0,952736
2018-05-19,1954,0,1954,0,954690
2018-05-20,1979,0,1979,0,956669
2018-05-21,2546,0,2546,0,959215
2018-05-22,2275,0,2275,0,961490
2018-05-23,3183,0,3183,0,964673
2018-05-24,2659,0,2659,0,967332
2018-05-25,2007,0,2007,0,969339
2018-05-26,1982,0,1982,0,971321
2018-05-27,1995,0,1995,0,973316
2018-05-28,2734,0,2734,0,976050
2018-05-29,6013,0,6013,0,982063
2018-05-30,12188,0,12188,0,994251
2018-05-31,13160,0,13160,0,1007411
2018-06-01,8921,0,8921,0,1016332
2018-06-02,14208,0,14208,0,1030540
2018-06-03,15476,0,15476,0,1046016
2018-06-04,15358,0,15358,0,1061374
2018-06-05,14435,0,14435,0,1075809
2018-06-06,9723,0,9723,0,1085532
2018-06-07,12444,0,12444,0,1097976
2018-06-08,9382,0,9382,0,1107358
2018-06-09,11132,0,11132,0,1118490
2018-06-10,10627,0,10627,0,1129117
2018-06-11,13608,0,13608,0,1142725
2018-06-12,11069,0,11069,0,1153794
2018-06-13,12074,0,12074,0,1165868
2018-06-14,7742,0,7742,0,1173610
2018-06-15,10987,0,10987,0,1184597
2018-06-16,4573,0,4573,0,1189170
2018-06-17,8664,0,8664,0,1197834
2018-06-18,10185,0,10185,0,1208019
2018-06-19,13033,0,13033,0,1221052
2018-06-20,13730,0,13730,0,1234782
2018-06-21,12160,0,12160,0,1246942
2018-06-22,10141,0,10141,0,1257083
2018-06-23,5170,0,5170,0,1262253
2018-06-24,15261,0,15261,0,1277514
2018-06-25,13363,0,13363,0,1290877
2018-06-26,8390,0,8390,0,1299267
2018-06-27,4586,0,4586,0,1303853
2018-06-28,9812,0,9812,0,1313665
2018-06-29,8069,0,8069,0,1321734
2018-06-30,11043,0,11043,0,1332777
2018-07-01,10055,0,10055,0,1342832
2018-07-02,14216,0,14216,0,1357048
2018-07-03,8201,0,8201,0,1365249
2018-07-04,10324,0,10324,0,1375573
2018-07-05,12543,0,12543,0,1388116
2018-07-06,11591,0,11591,0,1399707
2018-07-07,10382,0,10382,0,1410089
2018-07-08,9278,0,9278,0,1419367
2018-07-09,9794,0,9794,0,1429161
2018-07-10,11411,0,11411,0,1440572
2018-07-11,13670,0,13670,0,1454242
2018-07-12,9372,0,9372,0,1463614
2018-07-13,14935,1,14934,0,1478549
2018-07-14,10613,0,10613,0,1489162
2018-07-15,7380,2,7378,0,1496542
2018-07-16,11095,5,11090,0,1507637
2018-07-17,13212,0,13212,0,1520849
2018-07-18,11304,3,11301,0,1532153
2018-07-19,15191,10,15181,0,1547344
2018-07-20,10171,0,10171,0,1557515
2018-07-21,6009,0,6009,0,1563524
2018-07-22,4063,0,4063,0,1567587
2018-07-23,8877,2,8875,0,1576464
2018-07-24,8418,0,8418,0,1584882
2018-07-25,8078,3,8075,0,1592960
2018-07-26,8751,2,8749,0,1601711
2018-07-27,9313,2,9311,0,1611024
2018-07-28,5888,2,5886,0,1616912
2018-07-29,4748,2,4746,0,1621660
2018-07-30,9933,2,9931,0,1631593
2018-07-31,12383,1,12382,0,1643976
2018-08-01,13959,0,13959,0,1657935
2018-08-02,8650,2,8648,0,1666585
2018-08-03,17935,0,17935,0,1684520
2018-08-04,11869,0,11869,0,1696389
2018-08-05,9738,0,9738,0,1706127
2018-08-06,10833,0,10833,0,1716960
2018-08-07,17430,0,17430,0,1734390
2018-08-08,9428,2,9426,0,1743818
2018-08-09,10747,0,10747,0,1754565
2018-08-10,8861,0,8861,0,1763426
2018-08-11,8535,4,8531,0,1771961
2018-08-12,7583,0,7583,0,1779544
2018-08-13,11097,2,11095,0,1790641
2018-08-14,11508,0,11508,0,1802149
2018-08-15,11159,2,11157,0,1813308
2018-08-16,11577,24,11553,0,1824885
2018-08-17,7524,1,7523,0,1832409
2018-08-18,5822,4,5818,0,1838231
2018-08-19,6225,0,6225,0,1844456
2018-08-20,4042,4,4038,0,1848498
2018-08-21,8052,5,8047,0,1856550
2018-08-22,10415,4,10411,0,1866965
2018-08-23,10775,3,10772,0,1877740
2018-08-24,11723,7,11716,0,1889463
2018-08-25,6169,0,6169,0,1895632
2018-08-26,16372,4,16368,0,1912004
2018-08-27,16704,1,16703,0,1928708
2018-08-28,15219,5,15214,0,1943927
2018-08-29,10280,4,10276,0,1954207
2018-08-30,6934,1,6933,0,1961141
2018-08-31,7055,9,7046,0,1968196
2018-09-01,4268,13,4255,0,1972464
2018-09-02,12615,2,12613,0,1985079
2018-09-03,12678,6,12672,0,1997757
2018-09-04,13074,40,13034,0,2010831
2018-09-05,9728,0,9728,0,2020559
2018-09-06,10358,31,10327,0,2030917
2018-09-07,8981,78,8903,0,2039898
2018-09-08,11252,53,11199,0,2051150
2018-09-09,9770,23,9747,0,2060920
2018-09-10,11569,658,10911,0,2072489
2018-09-11,10433,372,10061,0,2082922
2018-09-12,13393,335,13058,0,2096315
2018-09-13,15696,124,15572,0,2112011
2018-09-14,15560,49,15511,0,2127571
2018-09-15,17312,20,17292,0,2144883
2018-09-16,15026,42,14984,0,2159909
2018-09-17,14380,62,14318,0,2174289
2018-09-18,11884,22,11862,0,2186173
2018-09-19,12978,104,12874,0,2199151
2018-09-20,15645,90,15555,0,2214796
2018-09-21,12998,35,12963,0,2227794
2018-09-22,14051,2,14049,0,2241845
2018-09-23,15097,2,15095,0,2256942
2018-09-24,15256,17,15239,0,2272198
2018-09-25,11936,155,11781,0,2284134
2018-09-26,13276,8,13268,0,2297410
2018-09-27,9100,32,9068,0,2306510
2018-09-28,7871,26,7845,0,2314381
2018-09-29,7434,6,7428,0,2321815
2018-09-30,6855,14,6841,0,2328670
2018-10-01,20517,10,20507,0,2349187
2018-10-02,12434,155,12279,0,2361621
2018-10-03,14484,26,14458,0,2376105
2018-10-04,12902,64,12838,0,2389007
2018-10-05,12327,2,12325,0,2401334
2018-10-06,6970,43,6927,0,2408304
2018-10-07,6197,0,6197,0,2414501
2018-10-08,21420,10,21410,0,2435921
2018-10-09,13019,8,13011,0,2448940
2018-10-10,14000,24,13976,0,2462940
2018-10-11,11185,11,11174,0,2474125
2018-10-12,12457,180,12277,0,2486582
2018-10-13,9120,40,9080,0,2495702
2018-10-14,7954,27,7927,0,2503656
2018-10-15,8219,29,8190,0,2511875
2018-10-16,11123,18,11105,0,2522998
2018-10-17,10253,13,10240,0,2533251
2018-10-18,11880,85,11795,0,2545131
2018-10-19,10729,46,10683,0,2555860
2018-10-20,7130,2,7128,0,2562990
2018-10-21,12156,17,12139,0,2575146
2018-10-22,11746,7,11739,0,2586892
2018-10-23,14786,8,14778,0,2601678
2018-10-24,15326,21,15305,0,2617004
2018-10-25,13171,13,13158,0,2630175
2018-10-26,10661,45,10616,0,2640836
2018-10-27,5690,131,5559,0,2646526
2018-10-28,6096,55,6041,0,2652622
2018-10-29,8030,28,8002,0,2660652
2018-10-30,10075,28,10047,0,2670727
2018-10-31,11529,35,11494,0,2682256
2018-11-01,11072,15,11057,0,2693328
2018-11-02,8073,27,8046,0,2701401
2018-11-03,7068,29,7039,0,2708469
2018-11-04,6928,8,6920,0,2715397
2018-11-05,11427,6,11421,0,2726824
2018-11-06,14401,344,14057,0,2741225
2018-11-07,17937,512,17425,0,2759162
2018-11-08,18774,532,18242,0,2777936
2018-11-09,12955,408,12547,0,2790891
2018-11-10,10794,366,10428,0,2801685
2018-11-11,8341,286,8055,0,2810026
2018-11-12,18176,492,17684,0,2828202
2018-11-13,12777,536,12241,0,2840979
2018-11-14,16926,347,16579,0,2857905
2018-11-15,15972,496,15476,0,2873877
2018-11-16,16401,375,16026,0,2890278
2018-11-17,12100,339,11761,0,2902378
2018-11-18,10921,204,10717,0,2913299
2018-11-19,17392,352,17040,0,2930691
2018-11-20,18606,374,18232,0,2949297
2018-11-21,17599,475,17124,0,2966896
2018-11-22,18624,608,18016,0,2985520
2018-11-23,15723,279,15444,0,3001243
2018-11-24,9971,204,9767,0,3011214
2018-11-25,18457,172,18285,0,3029671
2018-11-26,21227,332,20895,0,3050898
2018-11-27,13627,248,13379,0,3064525
2018-11-28,14131,448,13683,0,3078656
2018-11-29,18529,129,18400,0,3097185
2018-11-30,20067,159,19908,0,3117252
2018-12-01,14015,197,13818,0,3131267
2018-12-02,18948,294,18654,0,3150215
2018-12-03,17210,284,16926,0,3167425
2018-12-04,11194,277,10917,0,3178619
2018-12-05,16366,241,16125,0,3194985
2018-12-06,14776,224,14552,0,3209761
2018-12-07,15644,323,15321,0,3225405
2018-12-08,6461,269,6192,0,3231866
2018-12-09,7833,274,7559,0,3239699
2018-12-10,14316,251,14065,0,3254015
2018-12-11,15636,219,15417,0,3269651
2018-12-12,16203,236,15967,0,3285854
2018-12-13,14633,293,14340,0,3300487
2018-12-14,9398,367,9031,0,3309885
2018-12-15,6727,332,6395,0,3316612
2018-12-16,6718,293,6425,0,3323330
2018-12-17,11734,242,11492,0,3335064
2018-12-18,13586,184,13402,0,3348650
2018-12-19,14903,542,14361,0,3363553
2018-12-20,29764,292,29472,0,3393317
2018-12-21,37973,182,37791,0,3431290
2018-12-22,6387,195,6192,0,3437677
2018-12-23,6251,153,6098,0,3443928
2018-12-24,13408,105,13303,0,3457336
2018-12-25,12850,165,12685,0,3470186
2018-12-26,13888,237,13651,0,3484074
2018-12-27,14071,403,13668,0,3498145
2018-12-28,12137,231,11906,0,3510282
2018-12-29,13984,228,13756,0,3524266
2018-12-30,17527,266,17261,0,3541793
2018-12-31,18611,296,18315,0,3560404
2019-01-01,17678,112,17566,0,3578082
2019-01-02,19467,336,19131,0,3597549
2019-01-03,12834,234,12600,0,3610383
2019-01-04,19277,206,19071,0,3629660
2019-01-05,12306,172,12134,0,3641966
2019-01-06,9764,289,9475,0,3651730
2019-01-07,16763,342,16421,0,3668493
2019-01-08,16835,203,16632,0,3685328
2019-01-09,18475,191,18284,0,3703803
2019-01-10,13194,233,12961,0,3716997
2019-01-11,16186,391,15795,0,3733183
2019-01-12,11484,184,11300,0,3744667
2019-01-13,13702,290,13412,0,3758369
2019-01-14,18995,143,18852,0,3777364
2019-01-15,20291,324,19967,0,3797655
2019-01-16,13099,314,12785,0,3810754
2019-01-17,13164,157,13007,0,3823918
2019-01-18,13513,381,13132,0,3837431
2019-01-19,6595,326,6269,0,3844026
2019-01-20,6865,173,6692,0,3850891
2019-01-21,14250,209,14041,0,3865141
2019-01-22,16961,284,16677,0,3882102
2019-01-23,16923,224,16699,0,3899025
2019-01-24,14119,182,13937,0,3913144
2019-01-25,13944,223,13721,0,3927088
2019-01-26,7229,348,6881,0,3934317
2019-01-27,10768,65,10703,0,3945085
2019-01-28,16377,339,16038,0,3961462
2019-01-29,16212,463,15749,0,3977674
2019-01-30,22372,445,21927,0,4000046
2019-01-31,22444,449,21995,0,4022490
2019-02-01,16586,348,16238,0,4039076
2019-02-02,8463,193,8270,0,4047539
2019-02-03,10350,303,10047,0,4057889
2019-02-04,21866,275,21591,0,4079755
2019-02-05,24857,702,24155,0,4104612
2019-02-06,17067,541,16526,0,4121679
2019-02-07,14590,477,14113,0,4136269
2019-02-08,13505,532,12973,0,4149774
2019-02-09,7344,259,7085,0,4157118
2019-02-10,17559,403,17156,0,4174677
2019-02-11,26562,558,26004,0,4201239
2019-02-12,18668,1187,17481,0,4219907
2019-02-13,19550,893,18657,0,4239457
2019-02-14,17485,407,17078,0,4256942
2019-02-15,14778,561,14217,0,4271720
2019-02-16,6708,228,6480,0,4278428
2019-02-17,6998,312,6686,0,4285426
2019-02-18,18081,446,17635,0,4303507
2019-02-19,17996,709,17287,0,4321503
2019-02-20,23075,710,22365,0,4344578
2019-02-21,22649,546,22103,0,4367227
2019-02-22,21988,446,21542,0,4389215
2019-02-23,10849,371,10478,0,4400064
2019-02-24,8230,221,8009,0,4408294
2019-02-25,11604,681,10923,0,4419898
2019-02-26,10823,296,10527,0,4430721
2019-02-27,16191,619,15572,0,4446912
2019-02-28,15973,965,15008,0,4462885
2019-03-01,20253,542,19711,0,4483138
2019-03-02,7370,374,6996,0,4490508
2019-03-03,7270,368,6902,0,4497778
2019-03-04,8654,503,8151,0,4506432
2019-03-05,9226,484,8742,0,4515658
2019-03-06,19593,1377,18216,0,4535251
2019-03-07,16400,1100,15300,0,4551651
2019-03-08,17578,768,16810,0,4569229
2019-03-09,18247,516,17731,0,4587476
2019-03-10,21459,547,20912,0,4608935
2019-03-11,20721,1362,19359,0,4629656
2019-03-12,19852,1294,18558,0,4649508
2019-03-13,18090,1690,16400,0,4667598
2019-03-14,20019,1025,18994,0,4687617
2019-03-15,20035,1164,18871,0,4707652
2019-03-16,23043,642,22401,0,4730695
2019-03-17,21661,604,21057,0,4752356
2019-03-18,28569,1827,26742,0,4780925
2019-03-19,27552,1739,25813,0,4808477
2019-03-20,26566,1613,24953,0,4835043
2019-03-21,24247,2453,21794,0,4859290
2019-03-22,28422,1868,26554,0,4887712
2019-03-23,8641,549,8092,0,4896353
2019-03-24,13399,875,12524,0,4909752
2019-03-25,26676,1545,25131,0,4936428
2019-03-26,25698,1601,24097,0,4962126
2019-03-27,19006,2011,16995,0,4981132
2019-03-28,17227,1608,15619,0,4998359
2019-03-29,17950,1339,16611,0,5016309
2019-03-30,19440,628,18812,0,5035749
2019-03-31,16599,666,15933,0,5052348
2019-04-01,21152,945,20207,0,5073500
2019-04-02,21898,938,20960,0,5095398
2019-04-03,24733,1428,23305,0,5120131
2019-04-04,20456,1453,19003,0,5140587
2019-04-05,19763,1279,18484,0,5160350
2019-04-06,11537,550,10987,0,5171887
2019-04-07,14681,783,13898,0,5186568
2019-04-08,22041,1148,20893,0,5208609
2019-04-09,26084,1838,24246,0,5234693
2019-04-10,25940,1231,24709,0,5260633
2019-04-11,23784,1572,22212,0,5284417
2019-04-12,16211,1093,15118,0,5300628
2019-04-13,8936,516,8420,0,5309564
2019-04-14,8969,594,8375,0,5318533
2019-04-15,22819,1251,21568,0,5341352
2019-04-16,21012,1104,19908,0,5362364
2019-04-17,23438,1190,22248,0,5385802
2019-04-18,13426,833,12593,0,5399228
2019-04-19,17377,783,16594,0,5416605
2019-04-20,10784,1853,8931,0,5427389
2019-04-21,25015,6643,18372,0,5452404
2019-04-22,26769,2474,24295,0,5479173
2019-04-23,21800,1857,19943,0,5500973
2019-04-24,24662,2776,21886,0,5525635
2019-04-25,24909,3420,21489,0,5550544
2019-04-26,25332,2673,22659,0,5575876
2019-04-27,23336,1339,21997,0,5599212
2019-04-28,21670,809,20861,0,5620882
2019-04-29,25779,2203,23576,0,5646661
2019-04-30,19784,1780,18004,0,5666445
2019-05-01,15715,1134,14581,0,5682160
2019-05-02,20280,1918,18362,0,5702440
2019-05-03,21769,1635,20134,0,5724209
2019-05-04,9672,1367,8305,0,5733881
2019-05-05,19457,6394,13063,0,5753338
2019-05-06,24764,2529,22235,0,5778102
2019-05-07,24844,1966,22878,0,5802946
2019-05-08,12801,1974,10827,0,5815747
2019-05-09,25122,2118,23004,0,5840869
2019-05-10,17205,1617,15588,0,5858074
2019-05-11,9531,718,8813,0,5867605
2019-05-12,17273,562,16711,0,5884878
2019-05-13,25473,1932,23541,0,5910351
2019-05-14,21375,1882,19493,0,5931726
2019-05-15,35485,3775,31710,0,5967211
2019-05-16,46405,5599,40806,0,6013616
2019-05-17,34416,2992,31424,0,6048032
2019-05-18,9376,883,8493,0,6057408
2019-05-19,9810,889,8921,0,6067218
2019-05-20,23920,1880,22040,0,6091138
2019-05-21,22217,2089,20128,0,6113355
2019-05-22,23262,2526,20736,0,6136617
2019-05-23,19237,1849,17388,0,6155854
2019-05-24,17755,1596,16159,0,6173609
2019-05-25,10598,1018,9580,0,6184207
2019-05-26,11015,792,10223,0,6195222
2019-05-27,34207,2415,31792,0,6229429
2019-05-28,35809,1857,33952,0,6265238
2019-05-29,22510,2223,20287,0,6287748
2019-05-30,24481,2319,22162,0,6312229
2019-05-31,18829,1987,16842,0,6331058
2019-06-01,13992,977,13015,0,6345050
2019-06-02,12605,1024,11581,0,6357655
2019-06-03,20557,2499,18058,0,6378212
2019-06-04,24518,2245,22273,0,6402730
2019-06-05,20078,1682,18396,0,6422808
2019-06-06,25012,2586,22426,0,6447820
2019-06-07,20235,1754,18481,0,6468055
2019-06-08,10750,619,10131,0,6478805
2019-06-09,12112,726,11386,0,6490917
2019-06-10,23026,1673,21353,0,6513943
2019-06-11,20106,2658,17448,0,6534049
2019-06-12,20965,2833,18132,0,6555014
2019-06-13,20697,2481,18216,0,6575711
2019-06-14,19507,2332,17175,0,6595218
2019-06-15,16715,796,15919,0,6611933
2019-06-16,5353,125,5228,0,6617286
2019-06-17,0,0,0,0,6617286
2019-06-18,22483,1957,20526,0,6639769
2019-06-19,25216,2599,22617,0,6664985
2019-06-20,17704,1402,16302,0,6682689
2019-06-21,25430,2455,22975,0,6708119
2019-06-22,16234,1085,15149,0,6724353
2019-06-23,14342,807,13535,0,6738695
2019-06-24,21638,2562,19076,0,6760333
2019-06-25,22581,2404,20177,0,6782914
2019-06-26,21746,1973,19773,0,6804660
2019-06-27,19257,3157,16100,0,6823917
2019-06-28,21101,5281,15820,0,6845018
2019-06-29,10211,1930,8281,0,6855229
2019-06-30,9966,1405,8561,0,6865195
2019-07-01,25216,4428,20788,0,6890411
2019-07-02,27484,4547,22937,0,6917895
2019-07-03,28837,4719,24118,0,6946732
2019-07-04,28769,4101,24668,0,6975501
2019-07-05,27272,4053,23219,0,7002773
2019-07-06,19745,1519,18226,0,7022518
2019-07-07,14574,1106,13468,0,7037092
2019-07-08,12306,1869,10437,0,7049398
2019-07-09,12246,2258,9988,0,7061644
2019-07-10,28498,4070,24428,0,7090142
2019-07-11,31190,3713,27477,0,7121332
2019-07-12,18181,3468,14713,0,7139513
2019-07-13,10661,1208,9453,0,7150174
2019-07-14,9979,1027,8952,0,7160153
2019-07-15,25681,4188,21493,0,7185834
2019-07-16,26069,5005,21064,0,7211903
2019-07-17,21614,4019,17595,0,7233517
2019-07-18,20385,3396,16989,0,7253902
2019-07-19,16538,3250,13288,0,7270440
2019-07-20,10437,1155,9282,0,7280877
2019-07-21,14811,887,13924,0,7295688
2019-07-22,28029,3104,24925,0,7323717
2019-07-23,33744,3403,30341,0,7357461
2019-07-24,23782,3988,19794,0,7381243
2019-07-25,22812,4006,18806,0,7404055
2019-07-26,22414,4245,18169,0,7426469
2019-07-27,10993,1029,9964,0,7437462
2019-07-28,13378,1010,12368,0,7450840
2019-07-29,25297,4245,21052,0,7476137
2019-07-30,23390,4002,19388,0,7499527
2019-07-31,22147,4134,18013,0,7521674
2019-08-01,20937,4366,16571,0,7542611
2019-08-02,20198,3732,16466,0,7562809
2019-08-03,13844,1389,12455,0,7576653
2019-08-04,8001,1143,6858,0,7584654
2019-08-05,24391,5870,18521,0,7609045
2019-08-06,22521,5044,17477,0,7631566
2019-08-07,24565,5545,19020,0,7656131
2019-08-08,23104,5093,18011,0,7679235
2019-08-09,23650,5107,18543,0,7702885
2019-08-10,7438,1370,6068,0,7710323
2019-08-11,11885,1581,10304,0,7722208
2019-08-12,33996,14386,19610,0,7756204
2019-08-13,31997,11126,20871,0,7788201
2019-08-14,31397,10937,20460,0,7819598
2019-08-15,30963,10342,20621,0,7850561
2019-08-16,23063,7134,15929,0,7873624
2019-08-17,14048,3069,10979,0,7887672
2019-08-18,25257,5618,19639,0,7912929
2019-08-19,24145,5669,18476,0,7937074
2019-08-20,31330,8403,22927,0,7968404
2019-08-21,26293,5708,20585,0,7994697
2019-08-22,25186,5115,20071,0,8019883
2019-08-23,24662,5606,19056,0,8044545
2019-08-24,16111,1683,14428,0,8060656
2019-08-25,25442,3046,22396,0,8086098
2019-08-26,25152,6087,19065,0,8111250
2019-08-27,22878,7005,15873,0,8134128
2019-08-28,25733,8737,16996,0,8159861
2019-08-29,28699,9288,19411,0,8188560
2019-08-30,29477,8225,21252,0,8218037
2019-08-31,10527,2117,8410,0,8228564
2019-09-01,10465,3150,7315,0,8239029
2019-09-02,28455,8373,20082,0,8267484
2019-09-03,29193,6898,22295,0,8296677
2019-09-04,24235,6503,17732,0,8320912
2019-09-05,22330,6174,16156,0,8343242
2019-09-06,23211,6172,17039,0,8366453
2019-09-07,9372,2273,7099,0,8375825
2019-09-08,11861,1552,10309,0,8387686
2019-09-09,31193,7472,23721,0,8418879
2019-09-10,35349,6740,28609,0,8454228
2019-09-11,25698,6161,19537,0,8479926
2019-09-12,29714,5827,23887,0,8509640
2019-09-13,24341,6362,17979,0,8533981
2019-09-14,8309,1721,6588,0,8542290
2019-09-15,11748,1591,10157,0,8554038
2019-09-16,23835,6463,17372,0,8577873
2019-09-17,24265,6133,18132,0,8602138
2019-09-18,19810,5447,14363,0,8621948
2019-09-19,21946,5454,16492,0,8643894
2019-09-20,20031,4856,15175,0,8663925
2019-09-21,9579,1829,7750,0,8673504
2019-09-22,9036,1417,7619,0,8682540
2019-09-23,24741,5976,18765,0,8707281
2019-09-24,22708,5686,17022,0,8729989
2019-09-25,26228,5459,20769,0,8756217
2019-09-26,29853,5158,24695,0,8786070
2019-09-27,24315,5022,19293,0,8810385
2019-09-28,11613,1761,9852,0,8821998
2019-09-29,13456,1570,11886,0,8835454
2019-09-30,33471,5510,27961,0,8868925
2019-10-01,26929,5735,21194,0,8895854
2019-10-02,32890,6451,26439,0,8928744
2019-10-03,22493,5075,17418,0,8951237
2019-10-04,25301,4521,20780,0,8976538
2019-10-05,8302,1188,7114,0,8984840
2019-10-06,11876,1251,10625,0,8996716
2019-10-07,35067,4955,30112,0,9031783
2019-10-08,26705,4826,21879,0,9058488
2019-10-09,24775,5237,19538,0,9083263
2019-10-10,27357,5162,22195,0,9110620
2019-10-11,21842,5484,16358,0,9132462
2019-10-12,7847,1205,6642,0,9140309
2019-10-13,8383,1279,7104,0,9148692
2019-10-14,14461,2439,12022,0,9163153
2019-10-15,27811,5266,22545,0,9190964
2019-10-16,29436,5842,23594,0,9220400
2019-10-17,35352,7279,28073,0,9255752
2019-10-18,19503,6603,12900,0,9275255
2019-10-19,9326,1587,7739,0,9284581
2019-10-20,12356,2008,10348,0,9296937
2019-10-21,28817,7210,21607,0,9325754
2019-10-22,33649,7026,26623,0,9359403
2019-10-23,28175,8065,20110,0,9387578
2019-10-24,25777,8033,17744,0,9413355
2019-10-25,30119,11721,18398,0,9443474
2019-10-26,15317,2240,13077,0,9458791
2019-10-27,10990,2704,8286,0,9469781
2019-10-28,36481,12865,23616,0,9506262
2019-10-29,33026,8269,24757,0,9539288
2019-10-30,29109,7480,21629,0,9568397
2019-10-31,25686,7219,18467,0,9594083
2019-11-01,20356,6367,13989,0,9614439
2019-11-02,10579,1976,8603,0,9625018
2019-11-03,8560,1771,6789,0,9633578
2019-11-04,25734,6589,19145,0,9659312
2019-11-05,25332,6028,19304,0,9684644
2019-11-06,27595,5251,22344,0,9712239
2019-11-07,22562,6057,16505,0,9734801
2019-11-08,22553,5037,17516,0,9757354
2019-11-09,13904,1847,12057,0,9771258
2019-11-10,11691,1577,10114,0,9782949
2019-11-11,23140,5362,17778,0,9806089
2019-11-12,26516,6497,20019,0,9832605
2019-11-13,26321,7169,19152,0,9858926
2019-11-14,28276,6601,21675,0,9887202
2019-11-15,24731,6743,17988,0,9911933
2019-11-16,11095,1766,9329,0,9923028
2019-11-17,11668,1683,9985,0,9934696
2019-11-18,22977,2797,20180,0,9957673
2019-11-19,26585,7182,19403,0,9984258
2019-11-20,25495,6272,19223,0,10009753
2019-11-21,24889,5916,18973,0,10034642
2019-11-22,19113,4375,14738,0,10053755
2019-11-23,7487,1330,6157,0,10061242
2019-11-24,9632,1300,8332,0,10070874
2019-11-25,27768,6311,21457,0,10098642
2019-11-26,26012,6050,19962,0,10124654
2019-11-27,22026,6002,16024,0,10146680
2019-11-28,19683,4321,15362,0,10166363
2019-11-29,17442,4402,13040,0,10183805
2019-11-30,8913,1746,7167,0,10192718
2019-12-01,15178,2974,12204,0,10207896
2019-12-02,25583,6068,19515,0,10233479
2019-12-03,27866,7150,20716,0,10261345
2019-12-04,26425,5602,20823,0,10287770
2019-12-05,26770,7009,19761,0,10314540
2019-12-06,24363,6694,17669,0,10338903
2019-12-07,7554,1576,5978,0,10346457
2019-12-08,10026,1977,8049,0,10356483
2019-12-09,28269,7677,20592,0,10384752
2019-12-10,28669,9017,19652,0,10413421
2019-12-11,27917,8310,19607,0,10441338
2019-12-12,49649,20354,29295,0,10490987
2019-12-13,31613,10077,21536,0,10522600
2019-12-14,17363,4322,13041,0,10539963
2019-12-15,15837,4911,10926,0,10555800
2019-12-16,7431,2501,4930,0,10563231
2019-12-17,1628,408,1220,0,10564859
2019-12-18,0,0,0,0,10564859
2019-12-19,0,0,0,0,10564859
2019-12-20,8210,2821,5389,82,10573069
2019-12-21,9866,3073,6793,1421,10582935
2019-12-22,9777,2618,7159,1135,10592712
2019-12-23,19562,8116,11446,3557,10612274
2019-12-24,13169,5071,8098,1854,10625443
2019-12-25,13052,6070,6982,1320,10638495
2019-12-26,29013,14025,14988,4149,10667508
2019-12-27,22916,8902,14014,3775,10690424
2019-12-28,10590,3439,7151,1334,10701014
2019-12-29,11066,3024,8042,1062,10712080
2019-12-30,26254,10917,15337,3350,10738334
2019-12-31,10967,3197,7770,1639,10749301
2020-01-01,10433,2269,8164,1133,10759734
2020-01-02,24733,7964,16769,3532,10784467
2020-01-03,21617,7845,13772,3496,10806084
2020-01-04,9458,2293,7165,1401,10815542
2020-01-05,10468,2711,7757,1078,10826010
2020-01-06,23006,7528,15478,3639,10849016
2020-01-07,22899,7569,15330,3562,10871915
2020-01-08,23426,8147,15279,3628,10895341
2020-01-09,24781,8636,16145,3516,10920122
2020-01-10,25463,8711,16752,3503,10945585
2020-01-11,11121,3746,7375,1351,10956706
2020-01-12,11098,3233,7865,1045,10967804
2020-01-13,21281,8285,12996,3504,10989085
2020-01-14,6,0,6,1,10989091
2020-01-15,5,1,4,3,10989096
2020-01-16,0,0,0,0,10989096
2020-01-17,0,0,0,0,10989096
2020-01-18,0,0,0,0,10989096
2020-01-19,0,0,0,0,10989096
2020-01-20,0,0,0,0,10989096
2020-01-21,0,0,0,0,10989096
2020-01-22,0,0,0,0,10989096
2020-01-23,0,0,0,0,10989096
2020-01-24,0,0,0,0,10989096
2020-01-25,0,0,0,0,10989096
2020-01-26,0,0,0,0,10989096
2020-01-27,0,0,0,0,10989096
2020-01-28,0,0,0,0,10989096
2020-01-29,0,0,0,0,10989096
2020-01-30,0,0,0,0,10989096
2020-01-31,0,0,0,0,10989096
2020-02-01,0,0,0,0,10989096
2020-02-02,0,0,0,0,10989096
2020-02-03,0,0,0,0,10989096
2020-02-04,0,0,0,0,10989096
2020-02-05,0,0,0,0,10989096
2020-02-06,7724,2515,5209,1487,10996820
2020-02-07,19464,6628,12836,3132,11016284
2020-02-08,8934,2371,6563,1186,11025218
2020-02-09,8834,2229,6605,1043,11034052
2020-02-10,21188,7296,13892,3375,11055240
2020-02-11,23349,9205,14144,4110,11078589
2020-02-12,22375,8202,14173,3699,11100964
2020-02-13,21773,9029,12744,3849,11122737
2020-02-14,20713,7943,12770,3419,11143450
2020-02-15,10423,3196,7227,1315,11153873
2020-02-16,10094,2622,7472,1070,11163967
2020-02-17,23414,7295,16119,3244,11187381
2020-02-18,23446,7237,16209,3327,11210827
2020-02-19,21147,7268,13879,3237,11231974
2020-02-20,20601,7066,13535,3320,11252575
2020-02-21,17529,6332,11197,2930,11270104
2020-02-22,10018,2701,7317,1085,11280122
2020-02-23,9787,3552,6235,929,11289909
2020-02-24,839,177,662,149,11290748
2020-02-25,0,0,0,0,11290748
2020-02-26,0,0,0,0,11290748
2020-02-27,0,0,0,0,11290748
2020-02-28,0,0,0,0,11290748
2020-02-29,0,0,0,0,11290748
2020-03-01,0,0,0,0,11290748
2020-03-02,0,0,0,0,11290748
2020-03-03,0,0,0,0,11290748
2020-03-04,0,0,0,0,11290748
2020-03-05,0,0,0,0,11290748
2020-03-06,0,0,0,0,11290748
2020-03-07,0,0,0,0,11290748
2020-03-08,0,0,0,0,11290748
2020-03-09,0,0,0,0,11290748
2020-03-10,0,0,0,0,11290748
2020-03-11,0,0,0,0,11290748
2020-03-12,0,0,0,0,11290748
2020-03-13,0,0,0,0,11290748
2020-03-14,0,0,0,0,11290748
2020-03-15,0,0,0,0,11290748
2020-03-16,0,0,0,0,11290748
2020-03-17,0,0,0,0,11290748
2020-03-18,0,0,0,0,11290748
2020-03-19,0,0,0,0,11290748
2020-03-20,0,0,0,0,11290748
2020-03-21,0,0,0,0,11290748
2020-03-22,0,0,0,0,11290748
2020-03-23,0,0,0,0,11290748
2020-03-24,0,0,0,0,11290748
2020-03-25,0,0,0,0,11290748
2020-03-26,0,0,0,0,11290748
2020-03-27,0,0,0,0,11290748
2020-03-28,0,0,0,0,11290748
2020-03-29,0,0,0,0,11290748
2020-03-30,0,0,0,0,11290748
2020-03-31,0,0,0,0,11290748
2020-04-01,0,0,0,0,11290748
2020-04-02,0,0,0,0,11290748
2020-04-03,0,0,0,0,11290748
2020-04-04,0,0,0,0,11290748
2020-04-05,0,0,0,0,11290748
2020-04-06,0,0,0,0,11290748
2020-04-07,0,0,0,0,11290748
2020-04-08,0,0,0,0,11290748
2020-04-09,0,0,0,0,11290748
2020-04-10,0,0,0,0,11290748
2020-04-11,0,0,0,0,11290748
2020-04-12,0,0,0,0,11290748
2020-04-13,0,0,0,0,11290748
2020-04-14,0,0,0,0,11290748
2020-04-15,0,0,0,0,11290748
2020-04-16,0,0,0,0,11290748
2020-04-17,0,0,0,0,11290748
2020-04-18,0,0,0,0,11290748
2020-04-19,0,0,0,0,11290748
2020-04-20,0,0,0,0,11290748
2020-04-21,0,0,0,0,11290748
2020-04-22,0,0,0,0,11290748
2020-04-23,0,0,0,0,11290748
2020-04-24,0,0,0,0,11290748
2020-04-25,0,0,0,0,11290748
2020-04-26,0,0,0,0,11290748
2020-04-27,0,0,0,0,11290748
2020-04-28,0,0,0,0,11290748
2020-04-29,0,0,0,0,11290748
2020-04-30,0,0,0,0,11290748
2020-05-01,0,0,0,0,11290748
2020-05-02,0,0,0,0,11290748
2020-05-03,0,0,0,0,11290748
2020-05-04,0,0,0,0,11290748
2020-05-05,0,0,0,0,11290748
2020-05-06,0,0,0,0,11290748
2020-05-07,0,0,0,0,11290748
2020-05-08,0,0,0,0,11290748
2020-05-09,0,0,0,0,11290748
2020-05-10,0,0,0,0,11290748
2020-05-11,0,0,0,0,11290748
2020-05-12,0,0,0,0,11290748
2020-05-13,0,0,0,0,11290748
2020-05-14,0,0,0,0,11290748
2020-05-15,0,0,0,0,11290748
2020-05-16,0,0,0,0,11290748
2020-05-17,0,0,0,0,11290748
2020-05-18,0,0,0,0,11290748
2020-05-19,0,0,0,0,11290748
2020-05-20,0,0,0,0,11290748
2020-05-21,0,0,0,0,11290748
2020-05-22,0,0,0,0,11290748
2020-05-23,0,0,0,0,11290748
2020-05-24,0,0,0,0,11290748
2020-05-25,0,0,0,0,11290748
2020-05-26,0,0,0,0,11290748
2020-05-27,0,0,0,0,11290748
2020-05-28,0,0,0,0,11290748
2020-05-29,0,0,0,0,11290748
2020-05-30,0,0,0,0,11290748
2020-05-31,0,0,0,0,11290748
2020-06-01,0,0,0,0,11290748
2020-06-02,0,0,0,0,11290748
2020-06-03,0,0,0,0,11290748
2020-06-04,0,0,0,0,11290748
2020-06-05,0,0,0,0,11290748
2020-06-06,0,0,0,0,11290748
2020-06-07,0,0,0,0,11290748
2020-06-08,0,0,0,0,11290748
2020-06-09,0,0,0,0,11290748
2020-06-10,0,0,0,0,11290748
2020-06-11,0,0,0,0,11290748
2020-06-12,0,0,0,0,11290748
2020-06-13,0,0,0,0,11290748
2020-06-14,0,0,0,0,11290748
2020-06-15,0,0,0,0,11290748
2020-06-16,0,0,0,0,11290748
2020-06-17,0,0,0,0,11290748
2020-06-18,0,0,0,0,11290748
2020-06-19,0,0,0,0,11290748
2020-06-20,0,0,0,0,11290748
2020-06-21,0,0,0,0,11290748
2020-06-22,0,0,0,0,11290748
2020-06-23,0,0,0,0,11290748
2020-06-24,0,0,0,0,11290748
2020-06-25,0,0,0,0,11290748
2020-06-26,0,0,0,0,11290748
2020-06-27,0,0,0,0,11290748
2020-06-28,0,0,0,0,11290748
2020-06-29,0,0,0,0,11290748
2020-06-30,0,0,0,0,11290748
2020-07-01,0,0,0,0,11290748
2020-07-02,0,0,0,0,11290748
2020-07-03,0,0,0,0,11290748
2020-07-04,0,0,0,0,11290748
2020-07-05,0,0,0,0,11290748
2020-07-06,0,0,0,0,11290748
2020-07-07,0,0,0,0,11290748
2020-07-08,0,0,0,0,11290748
2020-07-09,0,0,0,0,11290748
2020-07-10,0,0,0,0,11290748
2020-07-11,0,0,0,0,11290748
2020-07-12,0,0,0,0,11290748
2020-07-13,2832,720,2112,454,11293580
2020-07-14,24656,8746,15910,3729,11318236
2020-07-15,24863,8279,16584,3667,11343099
2020-07-16,24920,8845,16075,3811,11368019
2020-07-17,14617,5804,8813,2691,11382636
2020-07-18,3020,1192,1828,351,11385656
2020-07-19,0,0,0,0,11385656
2020-07-20,0,0,0,0,11385656
2020-07-21,0,0,0,0,11385656
2020-07-22,0,0,0,0,11385656
2020-07-23,0,0,0,0,11385656
2020-07-24,0,0,0,0,11385656
2020-07-25,0,0,0,0,11385656
2020-07-26,0,0,0,0,11385656
2020-07-27,0,0,0,0,11385656
2020-07-28,0,0,0,0,11385656
2020-07-29,0,0,0,0,11385656
2020-07-30,0,0,0,0,11385656
2020-07-31,0,0,0,0,11385656
2020-08-01,0,0,0,0,11385656
2020-08-02,0,0,0,0,11385656
2020-08-03,0,0,0,0,11385656
2020-08-04,0,0,0,0,11385656
2020-08-05,10765,3897,6868,1789,11396421
2020-08-06,31168,13064,18104,4492,11427589
2020-08-07,29187,13357,15830,4306,11456776
2020-08-08,18165,6080,12085,1924,11474941
2020-08-09,19042,5743,13299,1695,11493983
2020-08-10,32319,12780,19539,4659,11526302
2020-08-11,28209,11900,16309,4359,11554511
2020-08-12,30232,12068,18164,4391,11584743
2020-08-13,28618,11795,16823,4351,11613361
2020-08-14,27510,11306,16204,4043,11640871
2020-08-15,14477,4899,9578,1669,11655348
2020-08-16,14975,4478,10497,1416,11670323
2020-08-17,22344,6799,15545,2678,11692667
2020-08-18,38513,12658,25855,4424,11731180
2020-08-19,30185,10680,19505,4124,11761365
2020-08-20,28966,10892,18074,4131,11790331
2020-08-21,26256,11008,15248,4133,11816587
2020-08-22,18277,4592,13685,1686,11834864
2020-08-23,15912,4109,11803,1584,11850776
2020-08-24,28797,12218,16579,4377,11879573
2020-08-25,40992,12589,28403,2722,11920565
2020-08-26,50135,11819,38316,0,11970700
2020-08-27,66081,11636,54445,0,12036781
2020-08-28,64960,11070,53890,0,12101741
2020-08-29,50715,4361,46354,0,12152456
2020-08-30,54868,3918,50950,0,12207324
2020-08-31,65913,11792,54121,0,12273237
2020-09-01,69216,12361,56855,0,12342453
2020-09-02,69359,11115,58244,0,12411812
2020-09-03,70863,10699,60164,0,12482675
2020-09-04,60938,9925,51013,0,12543613
2020-09-05,56346,5170,51176,0,12599959
2020-09-06,54927,4389,50538,0,12654886
2020-09-07,56256,10822,45434,0,12711142
2020-09-08,70773,17887,52886,0,12781915
2020-09-09,70592,13755,56837,0,12852507
2020-09-10,69414,12525,56889,0,12921921
2020-09-11,67286,9335,57951,0,12989207
2020-09-12,54389,5766,48623,0,13043596
2020-09-13,53958,5020,48938,0,13097554
2020-09-14,66406,10769,55637,0,13163960
2020-09-15,69529,10919,58610,0,13233489
2020-09-16,73286,17844,55442,0,13306775
2020-09-17,68766,12496,56270,0,13375541
2020-09-18,62912,10788,52124,0,13438453
2020-09-19,48686,3974,44712,0,13487139
2020-09-20,45988,3807,42181,0,13533127
2020-09-21,62909,11926,50983,0,13596036
2020-09-22,70685,13688,56997,0,13666721
2020-09-23,70997,14236,56761,0,13737718
2020-09-24,70306,13700,56606,0,13808024
2020-09-25,64087,10328,53759,0,13872111
2020-09-26,53861,3651,50210,0,13925972
2020-09-27,46673,4536,42137,0,13972645
2020-09-28,55912,11710,44202,0,14028557
2020-09-29,65156,10576,54580,0,14093713
2020-09-30,72876,14690,58186,0,14166589
2020-10-01,68261,11523,56738,0,14234850
2020-10-02,70106,13477,56629,0,14304956
2020-10-03,57630,5234,52396,0,14362586
2020-10-04,58170,5021,53149,0,14420756
2020-10-05,69955,12811,57144,0,14490711
2020-10-06,49377,11396,37981,0,14540088
2020-10-07,31202,11532,19670,0,14571290
2020-10-08,34446,11551,22895,0,14605736
2020-10-09,33272,14242,19030,0,14639008
2020-10-10,17454,5484,11970,0,14656462
2020-10-11,20838,7281,13557,0,14677300
2020-10-12,25612,7242,18370,0,14702912
2020-10-13,32868,13412,19456,0,14735780
2020-10-14,34904,13555,21349,0,14770684
2020-10-15,35889,14903,20986,0,14806573
2020-10-16,34384,15424,18960,0,14840957
2020-10-17,18039,4956,13083,0,14858996
2020-10-18,15651,4475,11176,0,14874647
2020-10-19,37642,16315,21327,0,14912289
2020-10-20,44951,16154,28797,0,14957240
2020-10-21,38687,16845,21842,0,14995927
2020-10-22,39958,17659,22299,0,15035885
2020-10-23,36743,16870,19873,0,15072628
2020-10-24,17549,4203,13346,0,15090177
2020-10-25,19120,4400,14720,0,15109297
2020-10-26,39365,18079,21286,0,15148662
2020-10-27,37657,15857,21800,0,15186319
2020-10-28,37199,15720,21479,0,15223518
2020-10-29,37073,14046,23027,0,15260591
2020-10-30,36728,13606,23122,0,15297319
2020-10-31,19319,4408,14911,0,15316638
2020-11-01,17827,4604,13223,0,15334465
2020-11-02,51911,14183,37728,0,15386376
2020-11-03,63015,13126,49889,0,15449391
2020-11-04,60096,12587,47509,0,15509487
2020-11-05,46287,11706,34581,0,15555774
2020-11-06,31134,10504,20630,0,15586908
2020-11-07,19796,4390,15406,0,15606704
2020-11-08,18262,5010,13252,0,15624966
2020-11-09,30997,12165,18832,0,15655963
2020-11-10,31114,11335,19779,0,15687077
2020-11-11,32764,13186,19578,0,15719841
2020-11-12,36561,13182,23379,0,15756402
2020-11-13,34689,12359,22330,0,15791091
2020-11-14,18002,4924,13078,0,15809093
2020-11-15,18635,4073,14562,0,15827728
2020-11-16,36868,12840,24028,0,15864596
2020-11-17,33928,12328,21600,0,15898524
2020-11-18,34537,13361,21176,0,15933061
2020-11-19,32293,13373,18920,0,15965354
2020-11-20,28467,11202,17265,0,15993821
2020-11-21,16668,4635,12033,0,16010489
2020-11-22,16968,4296,12672,0,16027457
2020-11-23,19979,5486,14493,0,16047436
2020-11-24,30305,10239,20066,0,16077741
2020-11-25,34296,14248,20048,0,16112037
2020-11-26,23704,10629,13075,0,16135741
2020-11-27,26978,8766,18212,0,16162719
2020-11-28,19367,3760,15607,0,16182086
2020-11-29,17950,4270,13680,0,16200036
2020-11-30,28071,10411,17660,0,16228107
2020-12-01,26218,8966,17252,0,16254325
2020-12-02,27071,8977,18094,0,16281396
2020-12-03,27490,9620,17870,0,16308886
2020-12-04,26543,8687,17856,0,16335429
2020-12-05,17017,3929,13088,0,16352446
2020-12-06,13508,3035,10473,0,16365954
2020-12-07,17677,4455,13222,0,16383631
2020-12-08,16991,4955,12036,0,16400622
2020-12-09,25723,9787,15936,0,16426345
2020-12-10,25976,9554,16422,0,16452321
2020-12-11,24216,10034,14182,0,16476537
2020-12-12,16490,3956,12534,0,16493027
2020-12-13,13788,4231,9557,0,16506815
2020-12-14,22104,8994,13110,0,16528919
2020-12-15,25165,9723,15442,0,16554084
2020-12-16,24855,9562,15293,0,16578939
2020-12-17,22775,8795,13980,0,16601714
2020-12-18,21814,9122,12692,0,16623528
2020-12-19,19741,4012,15729,0,16643269
2020-12-20,30562,3432,27130,0,16673831
2020-12-21,23648,8246,15402,0,16697479
2020-12-22,21506,7798,13708,0,16718985
2020-12-23,23469,9248,14221,0,16742454
2020-12-24,13059,4816,8243,0,16755513
2020-12-25,11831,3288,8543,0,16767344
2020-12-26,11019,3738,7281,0,16778363
2020-12-27,11875,3813,8062,0,16790238
2020-12-28,27630,9844,17786,0,16817868
2020-12-29,22443,9679,12764,0,16840311
2020-12-30,24135,10918,13217,0,16864446
2020-12-31,13118,6101,7017,0,16877564
2021-01-01,8293,3560,4733,0,16885857
2021-01-02,11374,5258,6116,0,16897231
2021-01-03,29425,5893,23532,0,16926656
2021-01-04,34338,10824,23514,0,16960994
2021-01-05,27301,10097,17204,0,16988295
2021-01-06,20280,9345,10935,0,17008575
2021-01-07,20395,9130,11265,0,17028970
2021-01-08,22983,9663,13320,0,17051953
2021-01-09,10148,4516,5632,0,17062101
2021-01-10,10146,4204,5942,0,17072247
2021-01-11,21168,9303,11865,0,17093415
2021-01-12,20873,8379,12494,0,17114288
2021-01-13,21022,8532,12490,0,17135310
2021-01-14,25066,8438,16628,0,17160376
2021-01-15,22632,8143,14489,0,17183008
2021-01-16,12675,4325,8350,0,17195683
2021-01-17,11955,4907,7048,0,17207638
2021-01-18,23223,7895,15328,0,17230861
2021-01-19,22438,8623,13815,0,17253299
2021-01-20,24273,8876,15397,0,17277572
2021-01-21,32758,7717,25041,0,17310330
2021-01-22,21831,7509,14322,0,17332161
2021-01-23,11505,4144,7361,0,17343666
2021-01-24,11151,2935,8216,0,17354817
2021-01-25,20004,6999,13005,0,17374821
2021-01-26,21110,7318,13792,0,17395931
2021-01-27,22860,7399,15461,0,17418791
2021-01-28,20542,6962,13580,0,17439333
2021-01-29,4219,947,3272,0,17443552
2021-01-30,22504,4574,17930,0,17466056
2021-01-31,26950,8995,17955,0,17493006
2021-02-01,24587,10768,13819,0,17517593
2021-02-02,1989,738,1251,0,17519582
2021-02-03,0,0,0,0,17519582
2021-02-04,0,0,0,0,17519582
2021-02-05,0,0,0,0,17519582
2021-02-06,0,0,0,0,17519582
2021-02-07,0,0,0,0,17519582
2021-02-08,0,0,0,0,17519582
2021-02-09,0,0,0,0,17519582
2021-02-10,0,0,0,0,17519582
2021-02-11,0,0,0,0,17519582
2021-02-12,0,0,0,0,17519582
2021-02-13,0,0,0,0,17519582
2021-02-14,0,0,0,0,17519582
2021-02-15,0,0,0,0,17519582
2021-02-16,0,0,0,0,17519582
2021-02-17,0,0,0,0,17519582
2021-02-18,0,0,0,0,17519582
2021-02-19,0,0,0,0,17519582
2021-02-20,0,0,0,0,17519582
2021-02-21,0,0,0,0,17519582
2021-02-22,0,0,0,0,17519582
2021-02-23,0,0,0,0,17519582
2021-02-24,0,0,0,0,17519582
2021-02-25,0,0,0,0,17519582
2021-02-26,0,0,0,0,17519582
2021-02-27,0,0,0,0,17519582
2021-02-28,0,0,0,0,17519582
2021-03-01,0,0,0,0,17519582
2021-03-02,0,0,0,0,17519582
2021-03-03,0,0,0,0,17519582
2021-03-04,0,0,0,0,17519582
2021-03-05,0,0,0,0,17519582
2021-03-06,0,0,0,0,17519582
2021-03-07,0,0,0,0,17519582
2021-03-08,0,0,0,0,17519582
2021-03-09,0,0,0,0,17519582
2021-03-10,0,0,0,0,17519582
2021-03-11,0,0,0,0,17519582
2021-03-12,0,0,0,0,17519582
2021-03-13,0,0,0,0,17519582
2021-03-14,0,0,0,0,17519582
2021-03-15,0,0,0,0,17519582
2021-03-16,0,0,0,0,17519582
2021-03-17,0,0,0,0,17519582
2021-03-18,0,0,0,0,17519582
2021-03-19,0,0,0,0,17519582
2021-03-20,0,0,0,0,17519582
2021-03-21,0,0,0,0,17519582
2021-03-22,0,0,0,0,17519582
2021-03-23,0,0,0,0,17519582
2021-03-24,0,0,0,0,17519582
2021-03-25,0,0,0,0,17519582
2021-03-26,0,0,0,0,17519582
2021-03-27,0,0,0,0,17519582
2021-03-28,0,0,0,0,17519582
2021-03-29,0,0,0,0,17519582
2021-03-30,0,0,0,0,17519582
2021-03-31,0,0,0,0,17519582
2021-04-01,0,0,0,0,17519582
2021-04-02,0,0,0,0,17519582
2021-04-03,0,0,0,0,17519582
2021-04-04,0,0,0,0,17519582
2021-04-05,0,0,0,0,17519582
2021-04-06,0,0,0,0,17519582
2021-04-07,0,0,0,0,17519582
2021-04-08,0,0,0,0,17519582
2021-04-09,0,0,0,0,17519582
2021-04-10,0,0,0,0,17519582
2021-04-11,0,0,0,0,17519582
2021-04-12,942,257,685,122,17520524
2021-04-13,25196,7227,17969,3223,17545720
2021-04-14,26251,7204,19047,3212,17571971
2021-04-15,29740,8106,21634,3398,17601711
2021-04-16,34144,12936,21208,2988,17635855
2021-04-17,19560,6416,13144,1512,17655415
2021-04-18,20587,6691,13896,1604,17676002
2021-04-19,30744,8337,22407,3227,17706746
2021-04-20,33952,9898,24054,3601,17740698
2021-04-21,31700,8602,23098,3606,17772398
2021-04-22,30764,8876,21888,3424,17803162
2021-04-23,28749,10087,18662,3736,17831911
2021-04-24,18172,5899,12273,1814,17850083
2021-04-25,21365,5266,16099,1577,17871448
2021-04-26,17072,6687,10385,2382,17902825
2021-04-27,39345,10656,28689,0,17942170
2021-04-28,33388,10694,22694,0,17975558
2021-04-29,30299,8140,22159,0,18005857
2021-04-30,28390,8050,20340,0,18034247
2021-05-01,27903,5133,22770,0,18062150
2021-05-02,22683,6051,16632,0,18084833
2021-05-03,42484,11405,31079,0,18127317
2021-05-04,38222,11550,26672,0,18165539
2021-05-05,34803,9200,25603,0,18200342
2021-05-06,29647,8431,21216,0,18229989
2021-05-07,22335,7123,15212,0,18252324
2021-05-08,16379,4869,11510,0,18268703
2021-05-09,23515,9596,13919,0,18292218
2021-05-10,29770,8637,21133,0,18321988
2021-05-11,29568,8604,20964,0,18351556
2021-05-12,28292,7934,20358,0,18379848
2021-05-13,36698,8343,28355,0,18416546
2021-05-14,29104,7658,21446,0,18445650
2021-05-15,15689,4998,10691,0,18461339
2021-05-16,15956,4903,11053,0,18477295
2021-05-17,31773,10836,20937,0,18509068
2021-05-18,42841,12297,30544,0,18551909
2021-05-19,49833,11022,38811,0,18601742
2021-05-20,33996,8980,25016,0,18635738
2021-05-21,25498,7882,17616,0,18661236
2021-05-22,17466,4439,13027,0,18678702
2021-05-23,18864,5351,13513,0,18697566
2021-05-24,19755,5284,14471,0,18717321
2021-05-25,22108,5223,16885,0,18739429
2021-05-26,33447,8733,24714,0,18772876
2021-05-27,28112,8606,19506,0,18800988
2021-05-28,29384,8358,21026,0,18830372
2021-05-29,20799,5141,15658,0,18851171
2021-05-30,29532,5561,23971,0,18880703
2021-05-31,32700,7770,24930,0,18913403
2021-06-01,30028,8416,21612,0,18943431
2021-06-02,26008,7942,18066,0,18969439
2021-06-03,32531,10986,21545,0,19001970
2021-06-04,28395,8539,19856,0,19030365
2021-06-05,29506,5022,24484,0,19059871
2021-06-06,26075,5194,20881,0,19085946
2021-06-07,37825,7817,30008,0,19123771
2021-06-08,30660,8290,22370,0,19154431
2021-06-09,28108,7846,20262,0,19182539
2021-06-10,32815,8482,24333,0,19215354
2021-06-11,25252,7976,17276,0,19240606
2021-06-12,22120,5672,16448,0,19262726
2021-06-13,23466,6178,17288,0,19286192
2021-06-14,38167,9255,28912,0,19324359
2021-06-15,32038,8796,23242,0,19356397
2021-06-16,34362,7773,26589,0,19390759
2021-06-17,27085,9167,17918,0,19417844
2021-06-18,27216,7536,19680,0,19445060
2021-06-19,17038,5337,11701,0,19462098
2021-06-20,14544,4251,10293,0,19476642
2021-06-21,26354,7373,18981,0,19502996
2021-06-22,28165,8316,19849,0,19531161
2021-06-23,31567,8200,23367,0,19562728
2021-06-24,39425,8247,31178,0,19602153
2021-06-25,49658,10759,38899,0,19651811
2021-06-26,27018,5850,21168,0,19678829
2021-06-27,20078,5469,14609,0,19698907
2021-06-28,34320,9977,24343,0,19733227
2021-06-29,29398,7663,21735,0,19762625
2021-06-30,30317,8820,21497,0,19792942
2021-07-01,27425,8101,19324,0,19820367
2021-07-02,25056,7398,17658,0,19845423
2021-07-03,15277,3723,11554,0,19860700
2021-07-04,17111,6151,10960,0,19877811
2021-07-05,32911,12796,20115,0,19910722
2021-07-06,26396,8478,17918,0,19937118
2021-07-07,24533,7458,17075,0,19961651
2021-07-08,23391,6727,16664,0,19985042
2021-07-09,16254,5140,11114,0,20001296
2021-07-10,11578,3466,8112,0,20012874
2021-07-11,13796,4135,9661,0,20026670
2021-07-12,25765,8961,16804,0,20052435
2021-07-13,21921,7156,14765,0,20074356
2021-07-14,24621,7987,16634,0,20098977
2021-07-15,25615,7722,17893,0,20124592
2021-07-16,28448,11337,17111,0,20153040
2021-07-17,14061,4613,9448,0,20167101
2021-07-18,11882,4181,7701,0,20178983
2021-07-19,24130,9304,14826,0,20203113
2021-07-20,22248,8153,14095,0,20225361
2021-07-21,23954,8089,15865,0,20249315
2021-07-22,27061,8360,18701,0,20276376
2021-07-23,24453,8089,16364,0,20300829
2021-07-24,17928,4548,13380,0,20318757
2021-07-25,19428,4234,15194,0,20338185
2021-07-26,24411,7665,16746,0,20362596
2021-07-27,23546,6663,16883,0,20386142
2021-07-28,22848,7384,15464,0,20408990
2021-07-29,23952,7354,16598,0,20432942
2021-07-30,26320,6692,19628,0,20459262
2021-07-31,13786,4354,9432,0,20473048
2021-08-01,18763,6793,11970,0,20491811
2021-08-02,32702,6906,25796,0,20524513
2021-08-03,35575,6762,28813,0,20560088
2021-08-04,29472,6541,22931,0,20589560
2021-08-05,22654,7409,15245,0,20612214
2021-08-06,32416,7125,25291,0,20644630
2021-08-07,12661,4135,8526,0,20657291
2021-08-08,16862,3871,12991,0,20674153
2021-08-09,26747,7409,19338,0,20700900
2021-08-10,23711,6243,17468,0,20724611
2021-08-11,25484,7595,17889,0,20750095
2021-08-12,22442,6988,15454,0,20772537
2021-08-13,25069,9201,15868,0,20797606
2021-08-14,15334,5051,10283,0,20812940
2021-08-15,14861,4766,10095,0,20827801
2021-08-16,19903,5983,13920,0,20847704
2021-08-17,25722,8669,17053,0,20873426
2021-08-18,25223,7747,17476,0,20898649
2021-08-19,26823,8004,18819,0,20925472
2021-08-20,26871,7227,19644,0,20952343
2021-08-21,17104,5594,11510,0,20969447
2021-08-22,16855,5026,11829,0,20986302
2021-08-23,30860,8472,22388,0,21017162
2021-08-24,29102,8409,20693,0,21046264
2021-08-25,27590,7669,19921,0,21073854
2021-08-26,24611,8157,16454,0,21098465
2021-08-27,22416,7268,15148,0,21120881
2021-08-28,16831,5126,11705,0,21138508
2021-08-29,0,0,0,0,21157386
2021-08-30,0,0,0,0,21187620
2021-08-31,0,0,0,0,21217291
2021-09-01,0,0,0,0,21246826
2021-09-02,0,0,0,0,21277872
2021-09-03,0,0,0,0,21306894
2021-09-04,16577,5537,11040,0,21323471
2021-09-05,16046,4102,11944,4,21339517
2021-09-06,29684,6488,23196,3,21369201
2021-09-07,20030,4842,15188,0,21389231
2021-09-08,0,0,0,0,21389231
2021-09-09,0,0,0,0,21389231
2021-09-10,0,0,0,0,21389231
2021-09-11,0,0,0,0,21389231
2021-09-12,0,0,0,0,21389231
2021-09-13,0,0,0,0,21389231
2021-09-14,0,0,0,0,21389231
2021-09-15,0,0,0,0,21389231
2021-09-16,0,0,0,0,21389231
2021-09-17,26189,7678,18511,0,21415420
2021-09-18,19149,4508,14641,0,21434569
2021-09-19,20950,4722,16228,0,21455519
2021-09-20,40746,9493,31253,3569,21496265
2021-09-21,30415,7268,23147,3205,21526680
2021-09-22,39709,7811,31898,3323,21566389
2021-09-23,30066,6950,23116,3149,21596455
2021-09-24,39998,7765,32233,3102,21636453
2021-09-25,18403,3886,14517,1399,21654856
2021-09-26,19474,3931,15543,1379,21674330
2021-09-27,33979,9229,24750,3461,21708309
2021-09-28,28927,8145,20782,3573,21737236
2021-09-29,31926,7985,23941,3380,21769162
2021-09-30,36918,9383,27535,3385,21806080
2021-10-01,35347,7712,27635,2982,21841427
2021-10-02,27151,4893,22258,1449,21868578
2021-10-03,24906,4415,20491,1268,21893484
2021-10-04,31587,8179,23408,3309,21925071
2021-10-05,33444,7667,25777,3166,21958515
2021-10-06,28299,7870,20429,3327,21986814
2021-10-07,25613,6606,19007,2772,22012427
2021-10-08,15938,4262,11676,1621,22028365
2021-10-09,23201,6087,17114,1197,22051566
2021-10-10,16436,6502,9934,1075,22068002
2021-10-11,20535,5887,14648,1737,22088537
2021-10-12,27667,8351,19316,2982,22116204
2021-10-13,88726,8531,80195,3075,22204930
2021-10-14,32236,10567,21669,2986,22237166
2021-10-15,29840,8735,21105,2790,22267006
2021-10-16,31183,5579,25604,1449,22298189
2021-10-17,24712,4850,19862,1222,22322901
2021-10-18,31855,8775,23080,3058,22354756
2021-10-19,32751,7528,25223,3133,22387507
2021-10-20,40335,9787,30548,3347,22427842
2021-10-21,32056,9088,22968,3657,22459898
2021-10-22,31364,9201,22163,3721,22491262
2021-10-23,21670,4697,16973,1547,22512932
2021-10-24,21328,5621,15707,1416,22534260
2021-10-25,34436,9443,24993,3672,22568696
2021-10-26,35745,9150,26595,3677,22604441
2021-10-27,27014,8450,18564,3499,22631455
2021-10-28,33156,8500,24656,3604,22664611
2021-10-29,26517,8179,18338,3481,22691128
2021-10-30,19831,4336,15495,1569,22710959
2021-10-31,19867,5580,14287,1471,22730826
2021-11-01,32283,10161,22122,3854,22763109
2021-11-02,36848,9991,26857,3861,22799957
2021-11-03,32965,9337,23628,3670,22832922
2021-11-04,34940,9832,25108,3903,22867862
2021-11-05,30939,7613,23326,3166,22898801
2021-11-06,17162,4275,12887,1504,22915963
2021-11-07,23581,4440,19141,1591,22939544
2021-11-08,42640,14994,27646,4128,22982184
2021-11-09,47382,18359,29023,4626,23029566
2021-11-10,42007,15176,26831,4359,23071573
2021-11-11,40160,14143,26017,4408,23111733
2021-11-12,31213,10610,20603,3625,23142946
2021-11-13,23305,6790,16515,1851,23166251
2021-11-14,22115,6112,16003,1693,23188366
2021-11-15,38486,13404,25082,4325,23226852
2021-11-16,36294,13130,23164,4187,23263146
2021-11-17,36564,12159,24405,4007,23299710
2021-11-18,28645,10700,17945,3555,23328355
2021-11-19,27855,9132,18723,3263,23356210
2021-11-20,19706,5057,14649,1480,23375916
2021-11-21,22567,4503,18064,1339,23398483
2021-11-22,27636,7944,19692,2165,23426119
2021-11-23,30798,10331,20467,3610,23456917
2021-11-24,35367,10817,24550,3425,23492284
2021-11-25,32958,9203,23755,3242,23525242
2021-11-26,34792,8306,26486,3318,23560034
2021-11-27,38640,4146,34494,1473,23598674
2021-11-28,28467,5184,23283,1604,23627141
2021-11-29,29536,8805,20731,3434,23656677
2021-11-30,30325,9729,20596,3293,23687002
2021-12-01,28326,8828,19498,3235,23715328
2021-12-02,27278,8518,18760,3209,23742606
2021-12-03,25991,8517,17474,3152,23768597
2021-12-04,17193,4759,12434,1597,23785790
2021-12-05,19603,4377,15226,1421,23805393
2021-12-06,30502,8281,22221,3087,23835895
2021-12-07,24579,7499,17080,2825,23860474
2021-12-08,20416,6277,14139,1935,23880890
2021-12-09,31668,10494,21174,2846,23912558
2021-12-10,25532,8288,17244,2705,23938090
2021-12-11,24938,6890,18048,1403,23963028
2021-12-12,16240,4710,11530,1347,23979268
2021-12-13,28246,7970,20276,2968,24007514
2021-12-14,24973,6555,18418,2877,24032487
2021-12-15,28253,8121,20132,2936,24060740
2021-12-16,31452,9020,22432,2755,24092192
2021-12-17,27013,8614,18399,2554,24119205
2021-12-18,14351,5026,9325,1231,24133556
2021-12-19,16804,3452,13352,1120,24150360
2021-12-20,27932,9110,18822,2673,24178292
2021-12-21,19885,5737,14148,2563,24198177
2021-12-22,20318,5483,14835,2480,24218495
2021-12-23,20130,7133,12997,2452,24238625
2021-12-24,24459,7969,16490,1271,24263084
2021-12-25,17379,4691,12688,997,24280463
2021-12-26,14672,4029,10643,998,24295135
2021-12-27,22455,6752,15703,2600,24317590
2021-12-28,24707,8080,16627,2760,24342297
2021-12-29,21770,6155,15615,2783,24364067
2021-12-30,27713,7973,19740,2790,24391780
2021-12-31,27818,8532,19286,1387,24419598
2022-01-01,16557,5125,11432,1094,24436155
2022-01-02,24821,5510,19311,1217,24460976
2022-01-03,27463,9407,18056,2793,24488439
2022-01-04,20271,5603,14668,2589,24508710
2022-01-05,22192,6519,15673,2590,24530902
2022-01-06,22806,6540,16266,2697,24553708
2022-01-07,27004,7783,19221,2460,24580712
2022-01-08,18603,5856,12747,1284,24599315
2022-01-09,18249,6037,12212,1189,24617564
2022-01-10,28762,9226,19536,2740,24646326
2022-01-11,28186,9437,18749,2584,24674512
2022-01-12,22631,7209,15422,3060,24697143
2022-01-13,20500,6362,14138,2726,24717643
2022-01-14,25811,9008,16803,2548,24743454
2022-01-15,16410,4383,12027,1082,24759864
2022-01-16,14818,3421,11397,1093,24774682
2022-01-17,24169,5505,18664,2442,24798851
2022-01-18,25294,7038,18256,2785,24824145
2022-01-19,41520,8485,33035,2947,24865665
2022-01-20,37797,8412,29385,3209,24903462
2022-01-21,26297,11030,15267,3234,24929759
2022-01-22,15689,7283,8406,1507,24945448
2022-01-23,14639,6356,8283,1280,24960087
2022-01-24,23377,9276,14101,3413,24983464
2022-01-25,21785,8393,13392,3222,25005249
2022-01-26,23256,9044,14212,3187,25028505
2022-01-27,25172,10513,14659,3200,25053677
2022-01-28,32960,13338,19622,3689,25086637
2022-01-29,25536,11095,14441,1382,25112173
2022-01-30,22633,10233,12400,1221,25134806
2022-01-31,33772,14208,19564,3296,25168578
2022-02-01,23766,9652,14114,3314,25192344
2022-02-02,24045,8933,15112,3156,25216389
2022-02-03,35867,13985,21882,3114,25252256
2022-02-04,21093,6793,14300,2704,25273349
2022-02-05,13953,4798,9155,1295,25287302
2022-02-06,13775,3424,10351,1171,25301077
2022-02-07,29153,10695,18458,2814,25330230
2022-02-08,21847,5981,15866,2727,25352077
2022-02-09,20069,6103,13966,2804,25372146
2022-02-10,19057,6736,12321,2666,25391203
2022-02-11,18108,6282,11826,2664,25409311
2022-02-12,11421,4537,6884,1180,25420732
2022-02-13,12006,4530,7476,1102,25432738
2022-02-14,21812,7391,14421,2782,25454550
2022-02-15,23576,8329,15247,2868,25478126
2022-02-16,23526,7642,15884,2783,25501652
2022-02-17,35823,8468,27355,2661,25537475
2022-02-18,23112,6014,17098,2843,25560587
2022-02-19,10846,3819,7027,1490,25571433
2022-02-20,12189,4010,8179,1466,25583622
2022-02-21,34075,6214,27861,2909,25617697
2022-02-22,33116,7242,25874,3207,25650813
2022-02-23,38584,7776,30808,3072,25689397
2022-02-24,32833,13698,19135,4046,25722230
2022-02-25,32995,14450,18545,3791,25755225
2022-02-26,19726,9286,10440,2033,25774951
2022-02-27,17241,7295,9946,1993,25792192
2022-02-28,22368,6195,16173,2298,25814560
2022-03-01,18914,6299,12615,2307,25833474
2022-03-02,29430,8389,21041,3650,25862904
2022-03-03,25896,8149,17747,3472,25888800
2022-03-04,23116,7575,15541,3342,25911916
2022-03-05,17826,5573,12253,1587,25929742
2022-03-06,12126,5638,6488,1453,25941868
2022-03-07,26692,9909,16783,3450,25968560
2022-03-08,39467,20923,18544,4881,26008027
2022-03-09,31667,13976,17691,4406,26039699
2022-03-10,24697,8599,16098,3574,26064407
2022-03-11,24561,8606,15955,3393,26088977
2022-03-12,12648,4656,7992,1478,26101629
2022-03-13,12306,4919,7387,1502,26113943
2022-03-14,26613,9335,17278,3400,26140578
2022-03-15,26906,9331,17575,3545,26167507
2022-03-16,29021,11179,17842,3676,26196546
2022-03-17,22445,6930,15515,3270,26219009
2022-03-18,35776,12833,22943,3142,26254805
2022-03-19,18623,5999,12624,1488,26273437
2022-03-20,16192,4139,12053,1457,26289638
2022-03-21,37659,9665,27994,3339,26327311
2022-03-22,51657,14854,36803,3466,26378993
2022-03-23,38162,8931,29231,3317,26417178
2022-03-24,28730,9272,19458,2361,26445932
2022-03-25,28966,9867,19099,3107,26474917
2022-03-26,15186,5903,9283,1511,26490108
2022-03-27,16410,5576,10834,1636,26506525
2022-03-28,29180,9564,19616,3402,26535721
2022-03-29,37058,8316,28742,3418,26572795
2022-03-30,30573,9617,20956,3283,26603386
2022-03-31,32466,9724,22742,3063,26635868
2022-04-01,32247,8332,23915,2959,26668128
2022-04-02,15796,5785,10011,1554,26683926
2022-04-03,16208,5062,11146,1639,26700140
2022-04-04,29580,7926,21654,3379,26729740
2022-04-05,35810,7703,28107,3471,26765577
2022-04-06,28405,7051,21354,3250,26793998
2022-04-07,33335,9484,23851,3206,26827352
2022-04-08,26908,7171,19737,2903,26854260
2022-04-09,17055,6701,10354,1527,26871315
2022-04-10,15778,5752,10026,1607,26887093
2022-04-11,35254,7991,27263,3306,26922347
2022-04-12,34374,9163,25211,3411,26956721
2022-04-13,26488,8718,17770,3397,26983209
2022-04-14,26433,8799,17634,2444,27009642
2022-04-15,51698,7853,43845,1748,27061340
2022-04-16,23833,4429,19404,1454,27085173
2022-04-17,15445,3968,11477,1515,27100618
2022-04-18,26729,6424,20305,3295,27127347
2022-04-19,31170,7682,23488,3532,27158517
2022-04-20,28238,7868,20370,3485,27186755
2022-04-21,30736,9611,21125,3774,27217491
2022-04-22,27601,8530,19071,3516,27245092
2022-04-23,17167,5246,11921,1739,27262259
2022-04-24,27306,10592,16714,1790,27289565
2022-04-25,30588,9309,21279,3785,27320153
2022-04-26,29658,9186,20472,3963,27349811
2022-04-27,29496,9129,20367,3652,27379307
2022-04-28,31342,9426,21916,3555,27410649
2022-04-29,36488,10456,26032,3263,27447137
2022-04-30,24198,6287,17911,1687,27471335
2022-05-01,36515,9341,27174,1798,27507850
2022-05-02,39638,11412,28226,3718,27547488
2022-05-03,29651,10530,19121,3644,27577139
2022-05-04,26951,8278,18673,3574,27604090
2022-05-05,35895,13191,22704,3573,27639985
2022-05-06,37648,12659,24989,3337,27677633
2022-05-07,25410,9750,15660,1867,27703043
2022-05-08,29980,11522,18458,1829,27733023
2022-05-09,36035,12714,23321,4061,27769058
2022-05-10,37447,9467,27980,4251,27806505
2022-05-11,39587,12562,27025,4141,27846092
2022-05-12,29436,8377,21059,4488,27875528
2022-05-13,39523,9328,30195,4019,27915051
2022-05-14,21653,5942,15711,2150,27936704
2022-05-15,26355,5788,20567,2423,27963059
2022-05-16,37916,9104,28812,4222,28000975
2022-05-17,22495,5603,16892,3042,28023470
2022-05-18,0,0,0,0,28023470
2022-05-19,0,0,0,0,28023470
2022-05-20,0,0,0,0,28023470
2022-05-21,0,0,0,0,28023470
2022-05-22,0,0,0,0,28023470
2022-05-23,0,0,0,0,28023470
2022-05-24,0,0,0,0,28023470
2022-05-25,0,0,0,0,28023470
2022-05-26,0,0,0,0,28023470
2022-05-27,0,0,0,0,28023470
2022-05-28,0,0,0,0,28023470
2022-05-29,0,0,0,0,28023470
2022-05-30,0,0,0,0,28023470
2022-05-31,0,0,0,0,28023470
2022-06-01,0,0,0,0,28023470
2022-06-02,0,0,0,0,28023470
2022-06-03,0,0,0,0,28023470
2022-06-04,0,0,0,0,28023470
2022-06-05,0,0,0,0,28023470
2022-06-06,0,0,0,0,28023470
2022-06-07,0,0,0,0,28023470
2022-06-08,0,0,0,0,28023470
2022-06-09,0,0,0,0,28023470
2022-06-10,0,0,0,0,28023470
2022-06-11,0,0,0,0,28023470
2022-06-12,0,0,0,0,28023470
2022-06-13,0,0,0,0,28023470
2022-06-14,0,0,0,0,28023470
2022-06-15,0,0,0,0,28023470
2022-06-16,0,0,0,0,28023470
2022-06-17,0,0,0,0,28023470
2022-06-18,0,0,0,0,28023470
2022-06-19,0,0,0,0,28023470
2022-06-20,0,0,0,0,28023470
2022-06-21,0,0,0,0,28023470
2022-06-22,0,0,0,0,28023470
2022-06-23,0,0,0,0,28023470
2022-06-24,0,0,0,0,28023470
2022-06-25,0,0,0,0,28023470
2022-06-26,0,0,0,0,28023470
2022-06-27,0,0,0,0,28023470
2022-06-28,0,0,0,0,28023470
2022-06-29,0,0,0,0,28023470
2022-06-30,0,0,0,0,28023470
2022-07-01,0,0,0,0,28023470
2022-07-02,0,0,0,0,28023470
2022-07-03,0,0,0,0,28023470
2022-07-04,0,0,0,0,28023470
2022-07-05,0,0,0,0,28023470
2022-07-06,0,0,0,0,28023470
2022-07-07,0,0,0,0,28023470
2022-07-08,0,0,0,0,28023470
2022-07-09,0,0,0,0,28023470
2022-07-10,0,0,0,0,28023470
2022-07-11,0,0,0,0,28023470
2022-07-12,0,0,0,0,28023470
2022-07-13,0,0,0,0,28023470
2022-07-14,0,0,0,0,28023470
2022-07-15,0,0,0,0,28023470
2022-07-16,0,0,0,0,28023470
2022-07-17,0,0,0,0,28023470
2022-07-18,0,0,0,0,28023470
2022-07-19,0,0,0,0,28023470
2022-07-20,0,0,0,0,28023470
2022-07-21,0,0,0,0,28023470
2022-07-22,0,0,0,0,28023470
2022-07-23,0,0,0,0,28023470
2022-07-24,0,0,0,0,28023470
2022-07-25,0,0,0,0,28023470
2022-07-26,0,0,0,0,28023470
2022-07-27,0,0,0,0,28023470
2022-07-28,0,0,0,0,28023470
2022-07-29,0,0,0,0,28023470
2022-07-30,0,0,0,0,28023470
2022-07-31,0,0,0,0,28023470
2022-08-01,0,0,0,0,28023470
2022-08-02,0,0,0,0,28023470
2022-08-03,0,0,0,0,28023470
2022-08-04,0,0,0,0,28023470
2022-08-05,0,0,0,0,28023470
2022-08-06,0,0,0,0,28023470
2022-08-07,0,0,0,0,28023470
2022-08-08,0,0,0,0,28023470
2022-08-09,0,0,0,0,28023470
2022-08-10,0,0,0,0,28023470
2022-08-11,0,0,0,0,28023470
2022-08-12,0,0,0,0,28023470
2022-08-13,0,0,0,0,28023470
2022-08-14,0,0,0,0,28023470
2022-08-15,0,0,0,0,28023470
2022-08-16,0,0,0,0,28023470
2022-08-17,0,0,0,0,28023470
2022-08-18,0,0,0,0,28023470
2022-08-19,0,0,0,0,28023470
2022-08-20,0,0,0,0,28023470
2022-08-21,0,0,0,0,28023470
2022-08-22,0,0,0,0,28023470
2022-08-23,0,0,0,0,28023470
2022-08-24,0,0,0,0,28023470
2022-08-25,0,0,0,0,28023470
2022-08-26,0,0,0,0,28023470
2022-08-27,0,0,0,0,28023470
2022-08-28,0,0,0,0,28023470
2022-08-29,0,0,0,0,28023470
2022-08-30,0,0,0,0,28023470
2022-08-31,0,0,0,0,28023470
2022-09-01,0,0,0,0,28023470
2022-09-02,0,0,0,0,28023470
2022-09-03,0,0,0,0,28023470
2022-09-04,0,0,0,0,28023470
2022-09-05,0,0,0,0,28023470
2022-09-06,0,0,0,0,28023470
2022-09-07,0,0,0,0,28023470
2022-09-08,0,0,0,0,28023470
2022-09-09,0,0,0,0,28023470
2022-09-10,0,0,0,0,28023470
2022-09-11,0,0,0,0,28023470
2022-09-12,0,0,0,0,28023470
2022-09-13,0,0,0,0,28023470
2022-09-14,0,0,0,0,28023470
2022-09-15,0,0,0,0,28023470
2022-09-16,0,0,0,0,28023470
2022-09-17,0,0,0,0,28023470
2022-09-18,0,0,0,0,28023470
2022-09-19,0,0,0,0,28023470
2022-09-20,0,0,0,0,28023470
2022-09-21,0,0,0,0,28023470
2022-09-22,0,0,0,0,28023470
2022-09-23,0,0,0,0,28023470
2022-09-24,0,0,0,0,28023470
2022-09-25,0,0,0,0,28023470
2022-09-26,0,0,0,0,28023470
2022-09-27,0,0,0,0,28023470
2022-09-28,0,0,0,0,28023470
2022-09-29,0,0,0,0,28023470
2022-09-30,0,0,0,0,28023470
2022-10-01,0,0,0,0,28023470
2022-10-02,0,0,0,0,28023470
2022-10-03,0,0,0,0,28023470
2022-10-04,0,0,0,0,28023470
2022-10-05,0,0,0,0,28023470
2022-10-06,0,0,0,0,28023470
2022-10-07,0,0,0,0,28023470
2022-10-08,0,0,0,0,28023470
2022-10-09,0,0,0,0,28023470
2022-10-10,0,0,0,0,28023470
2022-10-11,0,0,0,0,28023470
2022-10-12,0,0,0,0,28023470
2022-10-13,0,0,0,0,28023470
2022-10-14,0,0,0,0,28023470
2022-10-15,0,0,0,0,28023470
2022-10-16,0,0,0,0,28023470
2022-10-17,0,0,0,0,28023470
2022-10-18,0,0,0,0,28023470
2022-10-19,0,0,0,0,28023470
2022-10-20,0,0,0,0,28023470
2022-10-21,0,0,0,0,28023470
2022-10-22,0,0,0,0,28023470
2022-10-23,0,0,0,0,28023470
2022-10-24,0,0,0,0,28023470
2022-10-25,0,0,0,0,28023470
2022-10-26,0,0,0,0,28023470
2022-10-27,0,0,0,0,28023470
2022-10-28,0,0,0,0,28023470
2022-10-29,0,0,0,0,28023470
2022-10-30,0,0,0,0,28023470
2022-10-31,0,0,0,0,28023470
2022-11-01,0,0,0,0,28023470
2022-11-02,0,0,0,0,28023470
2022-11-03,0,0,0,0,28023470
2022-11-04,0,0,0,0,28023470
2022-11-05,0,0,0,0,28023470
2022-11-06,0,0,0,0,28023470
2022-11-07,0,0,0,0,28023470
2022-11-08,0,0,0,0,28023470
2022-11-09,0,0,0,0,28023470
2022-11-10,0,0,0,0,28023470
2022-11-11,0,0,0,0,28023470
2022-11-12,0,0,0,0,28023470
2022-11-13,0,0,0,0,28023470
2022-11-14,0,0,0,0,28023470
2022-11-15,0,0,0,0,28023470
2022-11-16,0,0,0,0,28023470
2022-11-17,0,0,0,0,28023470
2022-11-18,0,0,0,0,28023470
2022-11-19,0,0,0,0,28023470
2022-11-20,0,0,0,0,28023470
2022-11-21,0,0,0,0,28023470
2022-11-22,0,0,0,0,28023470
2022-11-23,0,0,0,0,28023470
2022-11-24,0,0,0,0,28023470
2022-11-25,0,0,0,0,28023470
2022-11-26,0,0,0,0,28023470
2022-11-27,0,0,0,0,28023470
2022-11-28,0,0,0,0,28023470
2022-11-29,0,0,0,0,28023470
2022-11-30,0,0,0,0,28023470
2022-12-01,0,0,0,0,28023470
2022-12-02,0,0,0,0,28023470
2022-12-03,0,0,0,0,28023470
2022-12-04,0,0,0,0,28023470
2022-12-05,0,0,0,0,28023470
2022-12-06,0,0,0,0,28023470
2022-12-07,0,0,0,0,28023470
2022-12-08,0,0,0,0,28023470
2022-12-09,0,0,0,0,28023470
2022-12-10,0,0,0,0,28023470
2022-12-11,0,0,0,0,28023470
2022-12-12,0,0,0,0,28023470
2022-12-13,0,0,0,0,28023470
2022-12-14,0,0,0,0,28023470
2022-12-15,0,0,0,0,28023470
2022-12-16,0,0,0,0,28023470
2022-12-17,0,0,0,0,28023470
2022-12-18,0,0,0,0,28023470
2022-12-19,0,0,0,0,28023470
2022-12-20,0,0,0,0,28023470
2022-12-21,0,0,0,0,28023470
2022-12-22,0,0,0,0,28023470
2022-12-23,0,0,0,0,28023470
2022-12-24,0,0,0,0,28023470
2022-12-25,0,0,0,0,28023470
2022-12-26,0,0,0,0,28023470
2022-12-27,0,0,0,0,28023470
2022-12-28,0,0,0,0,28023470
2022-12-29,0,0,0,0,28023470
2022-12-30,0,0,0,0,28023470
2022-12-31,0,0,0,0,28023470
2023-01-01,0,0,0,0,28023470
2023-01-02,0,0,0,0,28023470
2023-01-03,0,0,0,0,28023470
2023-01-04,0,0,0,0,28023470
2023-01-05,0,0,0,0,28023470
2023-01-06,0,0,0,0,28023470
2023-01-07,0,0,0,0,28023470
2023-01-08,0,0,0,0,28023470
2023-01-09,0,0,0,0,28023470
2023-01-10,0,0,0,0,28023470
2023-01-11,0,0,0,0,28023470
2023-01-12,0,0,0,0,28023470
2023-01-13,0,0,0,0,28023470
2023-01-14,0,0,0,0,28023470
2023-01-15,0,0,0,0,28023470
2023-01-16,0,0,0,0,28023470
2023-01-17,0,0,0,0,28023470
2023-01-18,0,0,0,0,28023470
2023-01-19,0,0,0,0,28023470
2023-01-20,0,0,0,0,28023470
2023-01-21,0,0,0,0,28023470
2023-01-22,0,0,0,0,28023470
2023-01-23,0,0,0,0,28023470
2023-01-24,0,0,0,0,28023470
2023-01-25,0,0,0,0,28023470
2023-01-26,0,0,0,0,28023470
2023-01-27,0,0,0,0,28023470
2023-01-28,0,0,0,0,28023470
2023-01-29,0,0,0,0,28023470
2023-01-30,0,0,0,0,28023470
2023-01-31,0,0,0,0,28023470
2023-02-01,0,0,0,0,28023470
2023-02-02,0,0,0,0,28023470
2023-02-03,0,0,0,0,28023470
2023-02-04,0,0,0,0,28023470
2023-02-05,0,0,0,0,28023470
2023-02-06,0,0,0,0,28023470
2023-02-07,0,0,0,0,28023470
2023-02-08,0,0,0,0,28023470
2023-02-09,0,0,0,0,28023470
2023-02-10,0,0,0,0,28023470
2023-02-11,0,0,0,0,28023470
2023-02-12,0,0,0,0,28023470
2023-02-13,0,0,0,0,28023470
2023-02-14,0,0,0,0,28023470
2023-02-15,0,0,0,0,28023470
2023-02-16,0,0,0,0,28023470
2023-02-17,0,0,0,0,28023470
2023-02-18,0,0,0,0,28023470
2023-02-19,0,0,0,0,28023470
2023-02-20,0,0,0,0,28023470
2023-02-21,0,0,0,0,28023470
2023-02-22,0,0,0,0,28023470
2023-02-23,0,0,0,0,28023470
2023-02-24,0,0,0,0,28023470
2023-02-25,0,0,0,0,28023470
2023-02-26,0,0,0,0,28023470
2023-02-27,0,0,0,0,28023470
2023-02-28,0,0,0,0,28023470
2023-03-01,0,0,0,0,28023470
2023-03-02,0,0,0,0,28023470
2023-03-03,0,0,0,0,28023470
2023-03-04,0,0,0,0,28023470
2023-03-05,0,0,0,0,28023470
2023-03-06,0,0,0,0,28023470
2023-03-07,0,0,0,0,28023470
2023-03-08,33587,12238,21349,4606,28057057
2023-03-09,53327,14361,38966,5527,28110384
2023-03-10,64097,20518,43579,4465,28174481
2023-03-11,41007,10432,30575,2402,28215488
2023-03-12,35485,8563,26922,2181,28250973
2023-03-13,41771,8665,33106,4417,28292744
2023-03-14,53937,14465,39472,5659,28346681
2023-03-15,48215,11962,36253,5876,28394896
2023-03-16,69126,17703,51423,5243,28464022
2023-03-17,74884,17503,57381,5052,28538906
2023-03-18,76189,22277,53912,2536,28615095
2023-03-19,64482,13979,50503,2584,28679577
2023-03-20,77809,20433,57376,5245,28757386
2023-03-21,85379,23789,61590,5518,28842765
2023-03-22,74150,18806,55344,5703,28916915
2023-03-23,68090,18409,49681,5268,28985005
2023-03-24,52822,11690,41132,3783,29037827
2023-03-25,64648,15207,49441,3260,29102475
2023-03-26,66951,17092,49859,3053,29169426
2023-03-27,69743,17162,52581,6156,29239169
2023-03-28,76718,17996,58722,6356,29315887
2023-03-29,85725,24315,61410,5765,29401612
2023-03-30,80405,19410,60995,5269,29482017
2023-03-31,9283,1597,7686,349,29491300
2023-04-01,0,0,0,0,29491300
2023-04-02,0,0,0,0,29491300
2023-04-03,0,0,0,0,29491300
2023-04-04,0,0,0,0,29491300
2023-04-05,0,0,0,0,29491300
2023-04-06,0,0,0,0,29491300
2023-04-07,0,0,0,0,29491300
2023-04-08,0,0,0,0,29491300
2023-04-09,0,0,0,0,29491300
2023-04-10,0,0,0,0,29491300
2023-04-11,0,0,0,0,29491300
2023-04-12,0,0,0,0,29491300
2023-04-13,0,0,0,0,29491300
2023-04-14,0,0,0,0,29491300
2023-04-15,0,0,0,0,29491300
2023-04-16,0,0,0,0,29491300
2023-04-17,0,0,0,0,29491300
2023-04-18,0,0,0,0,29491300
2023-04-19,0,0,0,0,29491300
2023-04-20,0,0,0,0,29491300
2023-04-21,0,0,0,0,29491300
2023-04-22,0,0,0,0,29491300
2023-04-23,0,0,0,0,29491300
2023-04-24,0,0,0,0,29491300
2023-04-25,0,0,0,0,29491300
2023-04-26,0,0,0,0,29491300
2023-04-27,0,0,0,0,29491300
2023-04-28,0,0,0,0,29491300
2023-04-29,0,0,0,0,29491300
2023-04-30,0,0,0,0,29491300
2023-05-01,0,0,0,0,29491300
2023-05-02,0,0,0,0,29491300
2023-05-03,0,0,0,0,29491300
2023-05-04,0,0,0,0,29491300
2023-05-05,0,0,0,0,29491300
2023-05-06,0,0,0,0,29491300
2023-05-07,0,0,0,0,29491300
2023-05-08,0,0,0,0,29491300
2023-05-09,0,0,0,0,29491300
2023-05-10,0,0,0,0,29491300
2023-05-11,0,0,0,0,29491300
2023-05-12,0,0,0,0,29491300
2023-05-13,0,0,0,0,29491300
2023-05-14,0,0,0,0,29491300
2023-05-15,0,0,0,0,29491300
2023-05-16,0,0,0,0,29491300
2023-05-17,0,0,0,0,29491300
2023-05-18,0,0,0,0,29491300
2023-05-19,0,0,0,0,29491300
2023-05-20,0,0,0,0,29491300
2023-05-21,0,0,0,0,29491300
2023-05-22,0,0,0,0,29491300
2023-05-23,0,0,0,0,29491300
2023-05-24,0,0,0,0,29491300
2023-05-25,0,0,0,0,29491300
2023-05-26,0,0,0,0,29491300
2023-05-27,0,0,0,0,29491300
2023-05-28,0,0,0,0,29491300
2023-05-29,0,0,0,0,29491300
2023-05-30,0,0,0,0,29491300
2023-05-31,0,0,0,0,29491300
2023-06-01,0,0,0,0,29491300
2023-06-02,0,0,0,0,29491300
2023-06-03,0,0,0,0,29491300
2023-06-04,0,0,0,0,29491300
2023-06-05,0,0,0,0,29491300
2023-06-06,0,0,0,0,29491300
2023-06-07,0,0,0,0,29491300
2023-06-08,0,0,0,0,29491300
2023-06-09,0,0,0,0,29491300
2023-06-10,0,0,0,0,29491300
2023-06-11,0,0,0,0,29491300
2023-06-12,0,0,0,0,29491300
2023-06-13,0,0,0,0,29491300
2023-06-14,0,0,0,0,29491300
2023-06-15,0,0,0,0,29491300
2023-06-16,0,0,0,0,29491300
2023-06-17,0,0,0,0,29491300
2023-06-18,0,0,0,0,29491300
2023-06-19,0,0,0,0,29491300
2023-06-20,0,0,0,0,29491300
2023-06-21,0,0,0,0,29491300
2023-06-22,0,0,0,0,29491300
2023-06-23,0,0,0,0,29491300
2023-06-24,0,0,0,0,29491300
2023-06-25,0,0,0,0,29491300
2023-06-26,0,0,0,0,29491300
2023-06-27,0,0,0,0,29491300
2023-06-28,0,0,0,0,29491300
2023-06-29,0,0,0,0,29491300
2023-06-30,0,0,0,0,29491300
2023-07-01,0,0,0,0,29491300
2023-07-02,0,0,0,0,29491300
2023-07-03,0,0,0,0,29491300
2023-07-04,0,0,0,0,29491300
2023-07-05,0,0,0,0,29491300
2023-07-06,0,0,0,0,29491300
2023-07-07,0,0,0,0,29491300
2023-07-08,0,0,0,0,29491300
2023-07-09,0,0,0,0,29491300
2023-07-10,0,0,0,0,29491300
2023-07-11,0,0,0,0,29491300
2023-07-12,0,0,0,0,29491300
2023-07-13,0,0,0,0,29491300
2023-07-14,0,0,0,0,29491300
2023-07-15,0,0,0,0,29491300
2023-07-16,0,0,0,0,29491300
2023-07-17,0,0,0,0,29491300
2023-07-18,13727,2481,11246,1105,29505027
2023-07-19,38027,6073,31954,2921,29543054
2023-07-20,37465,7394,30071,2547,29580519
2023-07-21,35353,5760,29593,2715,29615872
2023-07-22,44154,7798,36356,1269,29660026
2023-07-23,72135,16513,55622,1310,29732161
2023-07-24,99059,23042,76017,3478,29831220
2023-07-25,96232,19991,76241,3337,29927452
2023-07-26,75810,18568,57242,3315,30003262
2023-07-27,64954,13708,51246,3259,30068216
2023-07-28,61927,11317,50610,3017,30130143
2023-07-29,51332,8804,42528,1540,30181475
2023-07-30,69782,20264,49518,1520,30251257
2023-07-31,51622,13990,37632,3101,30302879
2023-08-01,44963,10274,34689,3265,30347842
2023-08-02,42622,10865,31757,3212,30390464
2023-08-03,41170,10562,30608,3235,30431634
2023-08-04,35780,8656,27124,2860,30467414
2023-08-05,29004,6321,22683,1419,30496418
2023-08-06,37281,5442,31839,1440,30533699
2023-08-07,42302,10632,31670,3087,30576001
2023-08-08,28118,6892,21226,3288,30604119
2023-08-09,43969,11207,32762,10721,30648088
2023-08-10,51905,13005,38900,14030,30699993
2023-08-11,43207,9946,33261,13288,30743200
2023-08-12,34480,6624,27856,11255,30777680
2023-08-13,28605,6664,21941,8729,30806285
2023-08-14,47635,14191,33444,14905,30853920
2023-08-15,54551,11541,43010,13674,30908471
2023-08-16,51953,12358,39595,12831,30960424
2023-08-17,58903,9573,49330,12224,31019327
2023-08-18,52221,7733,44488,11051,31071548
2023-08-19,38562,5993,32569,9343,31110110
2023-08-20,27860,5504,22356,7755,31137970
2023-08-21,38243,6447,31796,8390,31176213
2023-08-22,42722,8375,34347,9468,31218935
2023-08-23,49235,9341,39894,11166,31268170
2023-08-24,45629,8890,36739,11365,31313799
2023-08-25,43638,9011,34627,10989,31357437
2023-08-26,35974,7049,28925,9518,31393411
2023-08-27,33764,6436,27328,9066,31427175
2023-08-28,39433,9754,29679,8408,31466608
2023-08-29,40885,7576,33309,8615,31507493
2023-08-30,35559,6677,28882,8226,31543052
2023-08-31,34101,7788,26313,8173,31577153
2023-09-01,29970,6513,23457,7368,31607123
2023-09-02,28456,4268,24188,6897,31635579
2023-09-03,31204,5053,26151,7220,31666783
2023-09-04,34119,6384,27735,8307,31700902
2023-09-05,32744,5031,27713,7742,31733646
2023-09-06,33589,5339,28250,8196,31767235
2023-09-07,40183,8332,31851,10388,31807418
2023-09-08,49201,6649,42552,10843,31856619
2023-09-09,35129,4920,30209,9801,31891748
2023-09-10,27858,4904,22954,7443,31919606
2023-09-11,38128,5790,32338,8642,31957739
2023-09-12,42960,5284,37676,8355,32000699
2023-09-13,42297,5316,36981,7810,32042996
2023-09-14,31880,5423,26457,6948,32074876
2023-09-15,53326,14549,38777,10627,32128202
2023-09-16,46175,11381,34794,10650,32174377
2023-09-17,71177,26560,44617,8490,32245554
2023-09-18,86643,29488,57155,11267,32332197
2023-09-19,50000,7796,42204,11004,32382197
2023-09-20,43536,8718,34818,10841,32425733
2023-09-21,42309,7582,34727,10157,32468042
2023-09-22,44525,12481,32044,9477,32512567
2023-09-23,33901,8964,24937,8437,32546468
2023-09-24,39660,11181,28479,9491,32586128
2023-09-25,45528,12175,33353,10823,32631656
2023-09-26,45190,10197,34993,11744,32676846
2023-09-27,53652,9597,44055,11966,32730498
2023-09-28,52098,9700,42398,12242,32782596
2023-09-29,38021,8737,29284,12625,32820617
2023-09-30,17763,3147,14616,3402,32838380
2023-10-01,12756,2878,9878,2647,32851136
2023-10-02,27286,6232,21054,5909,32878422
2023-10-03,49049,8079,40970,10286,32927471
2023-10-04,54137,9614,44523,12652,32981608
2023-10-05,50390,10472,39918,11871,33031998
2023-10-06,47784,8121,39663,9354,33079782
2023-10-07,44550,6394,38156,6836,33124332
2023-10-08,43574,5666,37908,6808,33167906
2023-10-09,61424,11604,49820,10823,33229330
2023-10-10,69428,13457,55971,11965,33298758
2023-10-11,67125,14435,52690,12106,33365883
2023-10-12,56054,10259,45795,9971,33421937
2023-10-13,43679,5525,38154,7122,33465616
2023-10-14,49337,8733,40604,8517,33514953
2023-10-15,47643,7794,39849,8193,33562596
2023-10-16,65212,12963,52249,12731,33627808
2023-10-17,83840,17209,66631,14559,33711648
2023-10-18,84409,19280,65129,12953,33796057
2023-10-19,66828,12536,54292,14351,33862885
2023-10-20,58276,10080,48196,14252,33921161
2023-10-21,51111,8612,42499,11749,33972272
2023-10-22,52017,11866,40151,11755,34024289
2023-10-23,73462,18229,55233,14613,34097751
2023-10-24,67876,14662,53214,12422,34165627
2023-10-25,63688,12932,50756,12077,34229315
2023-10-26,64191,13417,50774,12395,34293506
2023-10-27,62672,13474,49198,13367,34356178
2023-10-28,58051,11912,46139,12203,34414229
2023-10-29,64543,14017,50526,12775,34478772
2023-10-30,78313,22368,55945,19461,34557085
2023-10-31,66951,13588,53363,14181,34624036
2023-11-01,59027,9966,49061,13334,34683063
2023-11-02,48412,7374,41038,12127,34731475
2023-11-03,53331,8757,44574,12424,34784806
2023-11-04,41285,5743,35542,9271,34826091
2023-11-05,49645,9839,39806,11869,34875736
2023-11-06,45095,7571,37524,10469,34930403
2023-11-07,69055,13912,55143,14275,34999458
2023-11-08,65232,14924,50308,15144,35064690
2023-11-09,54304,12686,41618,15655,35118994
2023-11-10,43663,9260,34403,10658,35162657
2023-11-11,34689,5990,28699,8772,35197346
2023-11-12,42468,9997,32471,9430,35239814
2023-11-13,3715,909,2806,2278,35299013
2023-11-14,71737,15400,56337,15408,35370750
2023-11-15,60844,13629,47215,16167,35431594
2023-11-16,59986,14833,45153,14774,35491580
2023-11-17,53763,13746,40017,14615,35545343
2023-11-18,49303,10100,39203,13725,35594646
2023-11-19,47591,13033,34558,15246,35642237
2023-11-20,38988,11742,27246,13246,35692865
2023-11-21,53946,13942,40004,13834,35746811
2023-11-22,50014,14267,35747,12012,35796825
2023-11-23,49740,14625,35115,14322,35846565
2023-11-24,57714,15345,42369,14000,35904279
2023-11-25,55004,8305,46699,10835,35959283
2023-11-26,54190,12647,41543,12029,36013473
2023-11-27,3332,591,2741,1747,36060579
2023-11-28,40691,9373,31318,11850,36101270
2023-11-29,46733,8607,38126,10286,36148003
2023-11-30,47490,7743,39747,11769,36195493
2023-12-01,41881,8128,33753,12138,36237374
2023-12-02,29888,7937,21951,10011,36267262
2023-12-03,31195,8078,23117,10115,36298457
2023-12-04,31984,7396,24588,10839,36335094
2023-12-05,31599,7114,24485,10382,36366693
2023-12-06,44464,7069,37395,10843,36411157
2023-12-07,44014,7681,36333,12085,36455171
2023-12-08,41529,5770,35759,9532,36496700
2023-12-09,40066,6522,33544,10015,36536766
2023-12-10,39067,7123,31944,9951,36575833
2023-12-11,43917,8316,35601,10717,36628470
2023-12-12,66334,16680,49654,14891,36694804
2023-12-13,100708,32688,68020,17042,36795512
2023-12-14,42886,10316,32570,9217,36838398
2023-12-15,51722,8827,42895,9890,36890120
2023-12-16,32384,5599,26785,8009,36922504
2023-12-17,22410,4173,18237,5785,36944914
2023-12-18,54183,7818,46365,10854,36999097
2023-12-19,42885,6442,36443,10537,37041982
2023-12-20,30161,5824,24337,8971,37072143
2023-12-21,33119,6812,26307,8864,37105262
2023-12-22,26353,5692,20661,9405,37131615
2023-12-23,31968,7723,24245,10241,37163583
2023-12-24,33981,4597,29384,8575,37197564
2023-12-25,31316,3241,28075,7232,37228880
2023-12-26,30625,5298,25327,8519,37259505
2023-12-27,31583,5075,26508,7552,37291088
2023-12-28,32050,5060,26990,7321,37323138
2023-12-29,24086,3815,20271,6652,37347224
2023-12-30,18897,2361,16536,5031,37366121
2023-12-31,20415,2641,17774,6596,37386536
2024-01-01,25412,2667,22745,6909,37411948
2024-01-02,36517,4259,32258,9063,37448465
2024-01-03,67671,11871,55800,14689,37516136
2024-01-04,26995,6405,20590,9103,37543131
2024-01-05,27349,4197,23152,6824,37570480
2024-01-06,48440,8109,40331,10515,37618920
2024-01-07,18616,4379,14237,6250,37637536
2024-01-08,64108,12030,52078,14661,37701644
2024-01-09,25473,6268,19205,8135,37727117
2024-01-10,55174,6978,48196,11746,37782291
2024-01-11,27617,4981,22636,7815,37809908
2024-01-12,54005,6644,47361,11441,37863913
2024-01-13,13099,2761,10338,4882,37877012
2024-01-14,44489,5839,38650,10484,37921501
2024-01-15,48720,5252,43468,10794,37970221
2024-01-16,51212,4624,46588,10322,38021433
2024-01-17,56276,6427,49849,11771,38077709
2024-01-18,48128,6355,41773,10343,38125837
2024-01-19,36716,4467,32249,8536,38162553
2024-01-20,48349,5219,43130,10399,38210902
2024-01-21,22882,2987,19895,5657,38233784
2024-01-22,60436,6302,54134,12253,38294220
2024-01-23,55162,6866,48296,11128,38349382
2024-01-24,53214,7788,45426,12355,38402596
2024-01-25,55333,9245,46088,12776,38457932
2024-01-26,51996,6113,45883,11493,38509928
2024-01-27,51665,5543,46122,10441,38561593
2024-01-28,46248,5742,40506,9660,38607841
2024-01-29,54195,6149,48046,11455,38662036
2024-01-30,57205,5538,51667,11969,38719241
2024-01-31,62504,5747,56757,9687,38781745
2024-02-01,58259,6697,51562,11269,38840004
2024-02-02,47146,4609,42537,8641,38887150
2024-02-03,44896,4186,40710,8785,38932046
2024-02-04,46089,5067,41022,9654,38978135
2024-02-05,56167,9046,47121,11401,39034302
2024-02-06,56317,6953,49364,10942,39090619
2024-02-07,61694,8272,53422,12427,39152313
2024-02-08,56761,8611,48150,12903,39209074
2024-02-09,52905,8393,44512,13508,39261979
2024-02-10,50594,7039,43555,10564,39312573
2024-02-11,45414,6801,38613,11122,39357987
2024-02-12,56186,6891,49295,11868,39414173
2024-02-13,45621,6596,39025,11399,39459794
2024-02-14,59127,7930,51197,13740,39518921
2024-02-15,33557,5999,27558,8514,39552478
2024-02-16,59199,6464,52735,10006,39611677
2024-02-17,21315,3425,17890,5686,39632992
2024-02-18,49963,5701,44262,8529,39682955
2024-02-19,34138,5661,28477,8287,39717093
2024-02-20,59779,5753,54026,11075,39776872
2024-02-21,29876,4924,24952,7806,39806748
2024-02-22,53811,7903,45908,12139,39860559
2024-02-23,55406,7216,48190,11912,39915965
2024-02-24,50026,4537,45489,8905,39965991
2024-02-25,51590,6792,44798,10583,40017581
2024-02-26,49249,7109,42140,9294,40066830
2024-02-27,50932,5779,45153,10373,40117762
2024-02-28,41718,4962,36756,8931,40159480
2024-02-29,61159,7394,53765,10307,40220639
2024-03-01,44256,5937,38319,9766,40264895
2024-03-02,50131,5247,44884,9941,40315026
2024-03-03,29234,4424,24810,7774,40344260
2024-03-04,57522,7131,50391,10880,40401782
2024-03-05,36950,5738,31212,7552,40438732
2024-03-06,55767,7846,47921,10734,40494499
2024-03-07,54757,8690,46067,11754,40549256
2024-03-08,46618,8803,37815,9500,40595874
2024-03-09,38433,7245,31188,8646,40634307
2024-03-10,50619,8389,42230,8343,40684987
2024-03-11,52916,8197,44719,10414,40737903
2024-03-12,59574,10392,49182,13685,40797477
2024-03-13,60654,9639,51015,14579,40858131
2024-03-14,70942,8605,62337,15768,40929073
2024-03-15,67663,6938,60725,14742,40996736
2024-03-16,67326,6358,60968,11249,41064062
2024-03-17,58635,5081,53554,11091,41122697
2024-03-18,74136,7743,66393,15590,41196833
2024-03-19,76816,8102,68714,17703,41273649
2024-03-20,71234,9548,61686,18130,41344886
2024-03-21,74336,8370,65966,16300,41419222
2024-03-22,75130,8471,66659,17806,41494352
2024-03-23,72843,9594,63249,17004,41567195
2024-03-24,71333,9481,61852,16628,41638528
2024-03-25,66622,9593,57029,14663,41705150
2024-03-26,57514,6866,50648,12863,41762664
2024-03-27,56989,7105,49884,13955,41819653
2024-03-28,30785,3966,26819,9986,41850438
2024-03-29,33750,4861,28889,11156,41884188
2024-03-30,33410,6658,26752,12377,41917598
2024-03-31,42798,6432,36366,13391,41960396
2024-04-01,64670,9603,55067,15306,42025066
2024-04-02,71044,8830,62214,13336,42096110
2024-04-03,64952,7586,57366,12322,42161062
2024-04-04,66334,10783,55551,16213,42227396
2024-04-05,56990,9118,47872,13194,42284386
2024-04-06,59265,8912,50353,14061,42343651
2024-04-07,64394,8466,55928,12881,42408045
2024-04-08,80118,13366,66752,15890,42488163
2024-04-09,73617,10956,62661,14643,42561780
2024-04-10,76510,11859,64651,14476,42638290
2024-04-11,73980,10918,63062,14191,42712270
2024-04-12,68774,12454,56320,14497,42781044
2024-04-13,71632,8657,62975,10435,42852676
2024-04-14,51327,5492,45835,10694,42904003
2024-04-15,77422,8265,69157,12415,42981425
2024-04-16,71063,6144,64919,11126,43052488
2024-04-17,58485,6307,52178,10719,43110973
2024-04-18,49221,6064,43157,10376,43160194
2024-04-19,37886,4301,33585,8724,43198080
2024-04-20,52151,4963,47188,10583,43250231
2024-04-21,60742,9769,50973,11994,43310973
2024-04-22,73922,13113,60809,15405,43384895
2024-04-23,53736,7134,46602,11439,43438631
2024-04-24,54180,7117,47063,10713,43492815
2024-04-25,65775,7189,58586,10221,43558593
2024-04-26,72315,7556,64759,10292,43630908
2024-04-27,52106,6194,45912,10256,43683014
2024-04-28,52826,6135,46691,9045,43735840
2024-04-29,62452,8069,54383,11313,43798292
2024-04-30,58366,6460,51906,9527,43856658
2024-05-01,45127,5285,39842,7986,43901785
2024-05-02,55047,7165,47882,10790,43956832
2024-05-03,47407,5977,41430,8780,44004239
2024-05-04,35234,3877,31357,7548,44039473
2024-05-05,27459,4079,23380,7683,44066932
2024-05-06,49188,7261,41927,11205,44116120
2024-05-07,43276,4923,38353,10734,44159396
2024-05-08,53440,6049,47391,10200,44212836
2024-05-09,48680,5339,43341,9553,44261516
2024-05-10,43864,5302,38562,10115,44305380
2024-05-11,38728,3612,35116,6871,44344108
2024-05-12,38541,3428,35113,7028,44382649
2024-05-13,40838,6489,34349,8835,44423487
2024-05-14,40518,6131,34387,8554,44464005
2024-05-15,43621,6571,37050,11910,44507626
2024-05-16,38680,7660,31020,10532,44546306
2024-05-17,31257,5731,25526,8042,44577563
2024-05-18,19041,2426,16615,3321,44596604
2024-05-19,45869,4593,41276,10281,44642473
2024-05-20,48777,6087,42690,10928,44691250
2024-05-21,56868,7991,48877,11743,44748118
2024-05-22,52516,7531,44985,9719,44800634
2024-05-23,61711,6641,55070,10245,44862345
2024-05-24,66401,7588,58813,13497,44928746
2024-05-25,61734,9369,52365,10204,44990480
2024-05-26,60867,9421,51446,11827,45051347
2024-05-27,65470,8896,56574,10733,45116817
2024-05-28,67578,9552,58026,12148,45184395
2024-05-29,58589,7516,51073,10713,45242984
2024-05-30,61014,8114,52900,11778,45303998
2024-05-31,57375,6585,50790,11251,45361373
2024-06-01,53803,4915,48888,10326,45415176
2024-06-02,45162,6021,39141,7810,45460338
2024-06-03,59476,9925,49551,11829,45519814
2024-06-04,38335,7725,30610,8227,45558149
2024-06-05,40469,6804,33665,8490,45598618
2024-06-06,54340,6851,47489,9936,45652958
2024-06-07,39793,5929,33864,7752,45692751
2024-06-08,20814,2789,18025,3007,45713565
2024-06-09,25246,4458,20788,2742,45738811
2024-06-10,36787,6829,29958,6774,45775598
2024-06-11,52866,7584,45282,11745,45828464
2024-06-12,59840,7657,52183,11036,45888304
2024-06-13,50563,8433,42130,10876,45938867
2024-06-14,43708,6031,37677,9609,45982575
2024-06-15,29594,3943,25651,7905,46012169
2024-06-16,30538,2878,27660,9469,46042707
2024-06-17,39250,4618,34632,7866,46081957
2024-06-18,41272,6222,35050,8544,46123229
2024-06-19,41136,5679,35457,6874,46164365
2024-06-20,33142,3460,29682,6740,46197507
2024-06-21,27773,3934,23839,5381,46225280
2024-06-22,24716,2776,21940,5220,46249996
2024-06-23,26697,4741,21956,4897,46276693
2024-06-24,3485,531,2954,1512,46280178
2024-06-25,40165,5532,34633,8125,46320343
2024-06-26,34712,4927,29785,6964,46355055
2024-06-27,35562,5421,30141,6936,46390617
2024-06-28,36848,4982,31866,6890,46427465
2024-06-29,29671,4105,25566,5853,46457136
2024-06-30,31384,3716,27668,6478,46488520
2024-07-01,32907,5899,27008,7237,46521427
2024-07-02,34153,6172,27981,7483,46555580
2024-07-03,30540,4897,25643,7138,46586120
2024-07-04,39425,4123,35302,7619,46625545
2024-07-05,30198,2959,27239,7010,46655743
2024-07-06,20265,2664,17601,4693,46676008
2024-07-07,26208,2898,23310,6765,46702216
2024-07-08,6581,252,6329,1755,46708797
2024-07-09,45147,4590,40557,6553,46753944
2024-07-10,42723,4453,38270,8936,46796667
2024-07-11,33707,4136,29571,7121,46830374
2024-07-12,31715,5128,26587,7435,46862089
2024-07-13,22346,1982,20364,5776,46884435
2024-07-14,21562,3847,17715,5459,46905997
2024-07-15,28377,4923,23454,7694,46934374
2024-07-16,36684,5132,31552,8700,46971058
2024-07-17,34894,4087,30807,8507,47005952
2024-07-18,30521,3730,26791,8405,47036473
2024-07-19,28583,4119,24464,8120,47065056
2024-07-20,21857,1958,19899,6571,47086913
2024-07-21,31669,2164,29505,7707,47118582
2024-07-22,3359,188,3171,1745,47121941
2024-07-23,40950,4407,36543,9317,47162891
2024-07-24,36710,3880,32830,9719,47199601
2024-07-25,32707,3741,28966,8017,47232308
2024-07-26,32850,3423,29427,7524,47265158
2024-07-27,26525,1974,24551,6495,47291683
2024-07-28,25884,3619,22265,6513,47317567
2024-07-29,25956,3341,22615,6382,47343523
2024-07-30,38030,5451,32579,8499,47381553
2024-07-31,58633,4522,54111,8259,47440186
2024-08-01,87818,4557,83261,8647,47528004
2024-08-02,35964,3839,32125,8590,47563968
2024-08-03,32207,2868,29339,7344,47596175
2024-08-04,22353,2738,19615,6168,47618528
